Date,Close,High,Low,Open,Volume,"('Close', 'BBIO')","('High', 'BBIO')","('Low', 'BBIO')","('Open', 'BBIO')","('Volume', 'BBIO')"
2024-06-03,28.979999542236328,29.709999084472656,28.200000762939453,28.8799991607666,1577900.0,,,,,
2024-06-04,27.1299991607666,31.434999465942383,26.790000915527344,31.31999969482422,4176200.0,,,,,
2024-06-05,28.0,28.32999992370605,26.850000381469727,27.26000022888184,1567500.0,,,,,
2024-06-06,27.1200008392334,27.950000762939453,26.78499984741211,27.809999465942383,1366200.0,,,,,
2024-06-07,27.049999237060547,27.61000061035156,26.58699989318848,26.71999931335449,1150800.0,,,,,
2024-06-10,27.82999992370605,28.21999931335449,26.530000686645508,26.75,1132200.0,,,,,
2024-06-11,27.479999542236328,27.780000686645508,27.100000381469727,27.5,1484800.0,,,,,
2024-06-12,28.68000030517578,29.165000915527344,27.790000915527344,28.68000030517578,1265600.0,,,,,
2024-06-13,29.0,29.34000015258789,28.420000076293945,28.57999992370605,1334500.0,,,,,
2024-06-14,27.86000061035156,28.549999237060547,27.46999931335449,28.43000030517578,1132000.0,,,,,
2024-06-17,27.229999542236328,28.26000022888184,27.11000061035156,27.790000915527344,1498900.0,,,,,
2024-06-18,27.61000061035156,27.76000022888184,26.229999542236328,27.26000022888184,1376200.0,,,,,
2024-06-20,27.049999237060547,27.59000015258789,26.88999938964844,27.36000061035156,2204700.0,,,,,
2024-06-21,27.36000061035156,27.46999931335449,26.5,26.989999771118164,3619000.0,,,,,
2024-06-24,23.0,24.71999931335449,21.6200008392334,24.280000686645508,13647100.0,,,,,
2024-06-25,23.3799991607666,24.1299991607666,22.38999938964844,23.170000076293945,4171500.0,,,,,
2024-06-26,23.559999465942383,24.399999618530277,23.104999542236328,23.26000022888184,2677000.0,,,,,
2024-06-27,25.200000762939453,25.26000022888184,23.21999931335449,23.549999237060547,3082800.0,,,,,
2024-06-28,25.32999992370605,26.0,24.65999984741211,25.479999542236328,7407600.0,,,,,
2024-07-01,25.200000762939453,26.100000381469727,24.989999771118164,25.5,1582700.0,,,,,
2024-07-02,24.90999984741211,25.709999084472656,24.899999618530277,25.200000762939453,1905300.0,,,,,
2024-07-03,25.0,25.479999542236328,24.709999084472656,25.020000457763672,1017500.0,,,,,
2024-07-05,25.76000022888184,25.93000030517578,24.600000381469727,24.82999992370605,1075600.0,,,,,
2024-07-08,26.13999938964844,26.790000915527344,25.549999237060547,26.1299991607666,1341200.0,,,,,
2024-07-09,25.700000762939453,26.290000915527344,25.450000762939453,26.239999771118164,1232200.0,,,,,
2024-07-10,26.549999237060547,26.57999992370605,25.21999931335449,25.850000381469727,1115600.0,,,,,
2024-07-11,26.88999938964844,27.729999542236328,26.73500061035156,27.65999984741211,1469900.0,,,,,
2024-07-12,27.1200008392334,27.989999771118164,26.46999931335449,27.270000457763672,1628800.0,,,,,
2024-07-15,27.84000015258789,28.18000030517578,26.86000061035156,27.200000762939453,1406600.0,,,,,
2024-07-16,29.25,29.32999992370605,27.96999931335449,28.239999771118164,1734500.0,,,,,
2024-07-17,27.989999771118164,29.489999771118164,27.450000762939453,28.40999984741211,1768800.0,,,,,
2024-07-18,25.93000030517578,28.09000015258789,25.600000381469727,27.959999084472656,2206200.0,,,,,
2024-07-19,26.190000534057617,26.59000015258789,25.8700008392334,26.100000381469727,1021000.0,,,,,
2024-07-22,26.670000076293945,26.850000381469727,25.881999969482425,26.540000915527344,1236300.0,,,,,
2024-07-23,27.489999771118164,27.93000030517578,26.200000762939453,26.229999542236328,1229000.0,,,,,
2024-07-24,26.36000061035156,27.61000061035156,26.31999969482422,27.170000076293945,941500.0,,,,,
2024-07-25,26.700000762939453,27.34000015258789,26.200000762939453,26.43000030517578,1085100.0,,,,,
2024-07-26,27.049999237060547,27.84000015258789,26.61000061035156,27.399999618530277,885900.0,,,,,
2024-07-29,26.270000457763672,27.1200008392334,26.020000457763672,27.07999992370605,819800.0,,,,,
2024-07-30,25.940000534057617,26.59000015258789,25.81999969482422,26.3700008392334,1467900.0,,,,,
2024-07-31,25.950000762939453,27.270000457763672,25.700000762939453,26.06999969482422,1413300.0,,,,,
2024-08-01,26.18000030517578,26.375,25.309999465942383,25.920000076293945,1568900.0,,,,,
2024-08-02,26.18000030517578,26.479999542236328,24.21999931335449,24.44099998474121,1415600.0,,,,,
2024-08-05,25.5,25.75,24.1200008392334,24.149999618530277,1782200.0,,,,,
2024-08-06,24.8700008392334,25.729999542236328,24.7450008392334,25.729999542236328,1695100.0,,,,,
2024-08-07,23.920000076293945,25.450000762939453,23.920000076293945,25.450000762939453,1523600.0,,,,,
2024-08-08,24.479999542236328,24.93000030517578,23.81999969482422,24.01000022888184,1029300.0,,,,,
2024-08-09,24.43000030517578,24.71999931335449,24.049999237060547,24.440000534057617,777000.0,,,,,
2024-08-12,24.059999465942383,24.459999084472656,23.850000381469727,24.43000030517578,864300.0,,,,,
2024-08-13,23.90999984741211,24.32999992370605,23.709999084472656,24.15999984741211,1536400.0,,,,,
2024-08-14,24.25,24.59000015258789,23.399999618530277,23.90999984741211,1862500.0,,,,,
2024-08-15,24.959999084472656,25.190000534057617,24.229999542236328,24.84000015258789,984000.0,,,,,
2024-08-16,24.399999618530277,25.059999465942383,24.31999969482422,24.82999992370605,1073200.0,,,,,
2024-08-19,25.170000076293945,25.299999237060547,23.82999992370605,24.299999237060547,1382000.0,,,,,
2024-08-20,25.65999984741211,25.850000381469727,24.899999618530277,24.899999618530277,999600.0,,,,,
2024-08-21,25.559999465942383,26.0,24.82999992370605,25.600000381469727,1519100.0,,,,,
2024-08-22,24.88999938964844,25.799999237060547,24.850000381469727,25.75,752300.0,,,,,
2024-08-23,25.309999465942383,25.670000076293945,24.6299991607666,25.049999237060547,911700.0,,,,,
2024-08-26,25.899999618530277,26.26000022888184,25.334999084472656,25.559999465942383,820200.0,,,,,
2024-08-27,24.979999542236328,26.170000076293945,24.82999992370605,25.88999938964844,1192500.0,,,,,
2024-08-28,24.899999618530277,25.309999465942383,24.780000686645508,24.96999931335449,1507600.0,,,,,
2024-08-29,24.6200008392334,25.57999992370605,24.520000457763672,25.100000381469727,2003300.0,,,,,
2024-08-30,27.850000381469727,28.26000022888184,25.850000381469727,26.0,9112100.0,,,,,
2024-09-03,28.739999771118164,30.950000762939453,27.799999237060547,28.299999237060547,6265900.0,,,,,
2024-09-04,30.670000076293945,30.770000457763672,28.690000534057617,28.96999931335449,3404700.0,,,,,
2024-09-05,31.299999237060547,32.060001373291016,30.459999084472656,30.959999084472656,3502300.0,,,,,
2024-09-06,30.700000762939453,32.04999923706055,29.71999931335449,31.3799991607666,2202200.0,,,,,
2024-09-09,30.700000762939453,31.13999938964844,30.020000457763672,30.809999465942383,1757100.0,,,,,
2024-09-10,29.989999771118164,30.8700008392334,29.600000381469727,30.850000381469727,1421300.0,,,,,
2024-09-11,27.989999771118164,29.520000457763672,27.88999938964844,29.1299991607666,2737400.0,,,,,
2024-09-12,26.950000762939453,28.1299991607666,26.920000076293945,27.809999465942383,2032500.0,,,,,
2024-09-13,26.18000030517578,27.315000534057617,25.920000076293945,27.11000061035156,4583900.0,,,,,
2024-09-16,26.190000534057617,26.940000534057617,25.920000076293945,26.06999969482422,2226300.0,,,,,
2024-09-17,26.729999542236328,27.68000030517578,26.25,26.950000762939453,3946300.0,,,,,
2024-09-18,25.959999084472656,26.834999084472656,25.799999237060547,26.440000534057617,1657500.0,,,,,
2024-09-19,26.82999992370605,27.440000534057617,26.21999931335449,26.459999084472656,2050100.0,,,,,
2024-09-20,26.739999771118164,27.030000686645508,26.149999618530277,26.82999992370605,2331900.0,,,,,
2024-09-23,25.399999618530277,26.725000381469727,25.34000015258789,26.600000381469727,1740400.0,,,,,
2024-09-24,24.86000061035156,25.684999465942383,23.86000061035156,25.46999931335449,4031300.0,,,,,
2024-09-25,24.51000022888184,24.989999771118164,24.229999542236328,24.790000915527344,1334300.0,,,,,
2024-09-26,24.479999542236328,24.8799991607666,24.170000076293945,24.729999542236328,1969400.0,,,,,
2024-09-27,24.940000534057617,25.440000534057617,24.43000030517578,24.93000030517578,1836700.0,,,,,
2024-09-30,25.459999084472656,26.149999618530277,24.790000915527344,24.790000915527344,1594600.0,,,,,
2024-10-01,24.799999237060547,25.790000915527344,24.43000030517578,25.440000534057617,2014500.0,,,,,
2024-10-02,25.07999992370605,25.34000015258789,24.290000915527344,24.65999984741211,1661300.0,,,,,
2024-10-03,25.6299991607666,25.795000076293945,24.299999237060547,24.780000686645508,2359400.0,,,,,
2024-10-04,25.229999542236328,26.049999237060547,25.1200008392334,25.809999465942383,1428600.0,,,,,
2024-10-07,24.84000015258789,25.540000915527344,24.690000534057617,25.09000015258789,1305400.0,,,,,
2024-10-08,24.729999542236328,25.13999938964844,24.559999465942383,24.770000457763672,1337400.0,,,,,
2024-10-09,23.3799991607666,24.875,23.325000762939453,24.68000030517578,2636000.0,,,,,
2024-10-10,24.959999084472656,25.049999237060547,22.75,23.100000381469727,2341700.0,,,,,
2024-10-11,25.899999618530277,25.90999984741211,24.60400009155273,24.959999084472656,1659600.0,,,,,
2024-10-14,25.780000686645508,26.459999084472656,25.684999465942383,25.690000534057617,1743200.0,,,,,
2024-10-15,25.3799991607666,26.239999771118164,25.15999984741211,25.799999237060547,2295500.0,,,,,
2024-10-16,26.34000015258789,26.780000686645508,25.6200008392334,25.6200008392334,1837700.0,,,,,
2024-10-17,26.190000534057617,26.40999984741211,25.86000061035156,26.01000022888184,998600.0,,,,,
2024-10-18,26.020000457763672,26.65999984741211,25.88500022888184,26.209999084472656,1052600.0,,,,,
2024-10-21,25.15999984741211,26.100000381469727,25.020000457763672,25.709999084472656,1377700.0,,,,,
2024-10-22,24.940000534057617,25.209999084472656,24.76000022888184,25.020000457763672,848300.0,,,,,
2024-10-23,24.450000762939453,25.190000534057617,24.200000762939453,24.93000030517578,1039000.0,,,,,
2024-10-24,24.170000076293945,24.809999465942383,24.1200008392334,24.559999465942383,1675600.0,,,,,
2024-10-25,23.84000015258789,24.899999618530277,23.76000022888184,24.170000076293945,1272500.0,,,,,
2024-10-28,24.440000534057617,24.850000381469727,23.915000915527344,24.06999969482422,1723100.0,,,,,
2024-10-29,24.5,24.68000030517578,24.1200008392334,24.170000076293945,1132400.0,,,,,
2024-10-30,23.790000915527344,24.674999237060547,23.774999618530277,24.229999542236328,1098500.0,,,,,
2024-10-31,23.40999984741211,24.530000686645508,23.38999938964844,23.799999237060547,1316600.0,,,,,
2024-11-01,25.479999542236328,25.63999938964844,23.350000381469727,23.51000022888184,1979600.0,,,,,
2024-11-04,25.200000762939453,25.809999465942383,24.38999938964844,25.0,1256000.0,,,,,
2024-11-05,25.520000457763672,25.549999237060547,24.459999084472656,25.01000022888184,1178300.0,,,,,
2024-11-06,25.61000061035156,26.600000381469727,25.520000457763672,26.3799991607666,1974600.0,,,,,
2024-11-07,25.8799991607666,26.149999618530277,25.34000015258789,25.56999969482422,1250400.0,,,,,
2024-11-08,27.09000015258789,27.270000457763672,25.56999969482422,25.799999237060547,1733100.0,,,,,
2024-11-11,26.1200008392334,27.56999969482422,26.07999992370605,27.51000022888184,2012300.0,,,,,
2024-11-12,24.6200008392334,26.6200008392334,24.09000015258789,26.15999984741211,2425200.0,,,,,
2024-11-13,24.790000915527344,26.0,24.65999984741211,24.920000076293945,1834300.0,,,,,
2024-11-14,24.11000061035156,25.790000915527344,24.0,24.790000915527344,1925500.0,,,,,
2024-11-15,23.71999931335449,24.299999237060547,22.920000076293945,24.299999237060547,2781600.0,,,,,
2024-11-18,22.350000381469727,24.25,22.100000381469727,23.31999969482422,3183900.0,,,,,
2024-11-19,22.540000915527344,22.940000534057617,21.71999931335449,22.26499938964844,2148600.0,,,,,
2024-11-20,23.040000915527344,23.15999984741211,22.049999237060547,22.420000076293945,1395900.0,,,,,
2024-11-21,23.239999771118164,23.6299991607666,22.81999969482422,23.040000915527344,2069400.0,,,,,
2024-11-22,23.420000076293945,23.649999618530277,22.46999931335449,23.1299991607666,2088400.0,,,,,
2024-11-25,27.190000534057617,30.51000022888184,26.86000061035156,28.809999465942383,14615100.0,,,,,
2024-11-26,26.440000534057617,27.87700080871582,25.520000457763672,26.93000030517578,4317100.0,,,,,
2024-11-27,27.489999771118164,28.200000762939453,26.25,26.530000686645508,2491800.0,,,,,
2024-11-29,27.09000015258789,28.040000915527344,27.07999992370605,27.84000015258789,1120500.0,,,,,
2024-12-02,26.600000381469727,27.170000076293945,26.149999618530277,26.86000061035156,1347100.0,,,,,
2024-12-03,26.57999992370605,27.07999992370605,26.31999969482422,26.420000076293945,1777800.0,,,,,
2024-12-04,27.100000381469727,27.799999237060547,26.299999237060547,26.420000076293945,1652900.0,,,,,
2024-12-05,26.65999984741211,27.22800064086914,26.36000061035156,26.86000061035156,1155400.0,,,,,
2024-12-06,28.790000915527344,29.299999237060547,26.549999237060547,26.959999084472656,2922700.0,,,,,
2024-12-09,29.5,29.540000915527344,28.36000061035156,28.63999938964844,1600400.0,,,,,
2024-12-10,29.040000915527344,29.989999771118164,28.61000061035156,29.65999984741211,1556700.0,,,,,
2024-12-11,28.979999542236328,29.70499992370605,28.940000534057617,29.309999465942383,1251300.0,,,,,
2024-12-12,27.670000076293945,29.170000076293945,27.450000762939453,28.729999542236328,1851600.0,,,,,
2024-12-13,27.489999771118164,28.280000686645508,27.0,27.68000030517578,1482600.0,,,,,
2024-12-16,27.709999084472656,28.18000030517578,27.420000076293945,27.690000534057617,1869100.0,,,,,
2024-12-17,27.81999969482422,27.975000381469727,27.170000076293945,27.43000030517578,1526300.0,,,,,
2024-12-18,25.979999542236328,28.149999618530277,25.51000022888184,27.8799991607666,2746800.0,,,,,
2024-12-19,26.209999084472656,26.604999542236328,25.34000015258789,26.07999992370605,2465200.0,,,,,
2024-12-20,26.489999771118164,26.899999618530277,26.020000457763672,26.040000915527344,4196300.0,,,,,
2024-12-23,27.770000457763672,27.790000915527344,26.549999237060547,26.75,1475400.0,,,,,
2024-12-24,28.530000686645508,28.584999084472656,27.559999465942383,27.76000022888184,939000.0,,,,,
2024-12-26,28.38999938964844,28.84000015258789,27.780000686645508,28.18000030517578,1025100.0,,,,,
2024-12-27,27.989999771118164,28.81999969482422,27.600000381469727,28.170000076293945,1250900.0,,,,,
2024-12-30,27.31999969482422,27.989999771118164,27.229999542236328,27.899999618530277,1086800.0,,,,,
2024-12-31,27.440000534057617,27.88999938964844,27.31999969482422,27.5,881600.0,,,,,
2025-01-02,28.200000762939453,29.0,27.530000686645508,27.790000915527344,1396500.0,,,,,
2025-01-03,28.1200008392334,28.559999465942383,27.790000915527344,28.15999984741211,1281700.0,,,,,
2025-01-06,28.26000022888184,28.440000534057617,27.86000061035156,28.11000061035156,1330000.0,,,,,
2025-01-07,28.850000381469727,28.965999603271484,28.170000076293945,28.38999938964844,1461500.0,,,,,
2025-01-08,29.450000762939453,29.5,28.25,28.65999984741211,1661900.0,,,,,
2025-01-10,29.07999992370605,29.68000030517578,28.44499969482422,28.6299991607666,2053800.0,,,,,
2025-01-13,33.72999954223633,34.25,28.100000381469727,28.979999542236328,10113400.0,,,,,
2025-01-14,35.60499954223633,36.16999816894531,33.54999923706055,33.72999954223633,7638500.0,,,,,
2025-01-15,35.0,36.2400016784668,34.560001373291016,35.75,4127700.0,,,,,
2025-01-16,34.11000061035156,35.20000076293945,33.72999954223633,35.189998626708984,2841800.0,,,,,
2025-01-17,33.790000915527344,34.900001525878906,33.7599983215332,34.5,2877200.0,,,,,
2025-01-21,36.08000183105469,36.29499816894531,34.0099983215332,34.0099983215332,3739400.0,,,,,
2025-01-22,35.84000015258789,36.720001220703125,35.310001373291016,36.130001068115234,1827700.0,,,,,
2025-01-23,37.09000015258789,37.47999954223633,35.310001373291016,35.540000915527344,1402900.0,,,,,
2025-01-24,37.59000015258789,37.61000061035156,36.400001525878906,36.880001068115234,1730100.0,,,,,
2025-01-27,36.66999816894531,37.755001068115234,36.25,37.5,1568000.0,,,,,
2025-01-28,36.310001373291016,36.75,35.7400016784668,36.709999084472656,2763100.0,,,,,
2025-01-29,36.459999084472656,36.8849983215332,35.79999923706055,36.22999954223633,3128700.0,,,,,
2025-01-30,35.970001220703125,36.9900016784668,35.415000915527344,36.41999816894531,2246500.0,,,,,
2025-01-31,34.209999084472656,36.5,34.0,35.83000183105469,3032000.0,,,,,
2025-02-03,31.030000686645508,33.79999923706055,31.0,33.72999954223633,5112400.0,,,,,
2025-02-04,32.97999954223633,33.15999984741211,30.84000015258789,31.18000030517578,3109800.0,,,,,
2025-02-05,33.540000915527344,34.20000076293945,32.65999984741211,33.13999938964844,2374900.0,,,,,
2025-02-06,32.70000076293945,33.939998626708984,32.59000015258789,33.83000183105469,1742800.0,,,,,
2025-02-07,31.850000381469727,32.849998474121094,31.76000022888184,32.54999923706055,1527200.0,,,,,
2025-02-10,31.76000022888184,32.9900016784668,31.68000030517578,31.920000076293945,1681700.0,,,,,
2025-02-11,31.1200008392334,32.10599899291992,31.020000457763672,31.559999465942383,1645100.0,,,,,
2025-02-12,31.950000762939453,32.0099983215332,30.5,30.5,1285300.0,,,,,
2025-02-13,31.559999465942383,32.63999938964844,31.21999931335449,32.290000915527344,1726200.0,,,,,
2025-02-14,34.900001525878906,34.9900016784668,31.6299991607666,31.6299991607666,3374700.0,,,,,
2025-02-18,35.4900016784668,36.06999969482422,33.86000061035156,35.0,4000800.0,,,,,
2025-02-19,36.290000915527344,36.59000015258789,35.40999984741211,35.40999984741211,4166200.0,,,,,
2025-02-20,36.80500030517578,39.470001220703125,35.36000061035156,39.400001525878906,7245700.0,,,,,
2025-02-21,36.84999847412109,38.04999923706055,36.3849983215332,37.93999862670898,2508900.0,,,,,
2025-02-24,36.25,37.5,35.529998779296875,36.77999877929688,1752400.0,,,,,
2025-02-25,34.349998474121094,35.459999084472656,32.5,34.18000030517578,6773700.0,,,,,
2025-02-26,33.45000076293945,35.005001068115234,33.040000915527344,34.72999954223633,8933700.0,,,,,
2025-02-27,34.25,35.02000045776367,33.36000061035156,33.45000076293945,4057800.0,,,,,
2025-02-28,34.900001525878906,34.98500061035156,33.45000076293945,33.79999923706055,2514500.0,,,,,
2025-03-03,33.0099983215332,35.0,32.31999969482422,34.540000915527344,3283400.0,,,,,
2025-03-04,33.540000915527344,33.91999816894531,31.690000534057617,32.720001220703125,2988900.0,,,,,
2025-03-05,34.970001220703125,35.20000076293945,33.56999969482422,33.77000045776367,2390700.0,,,,,
2025-03-06,32.22999954223633,33.45000076293945,31.690000534057617,32.5,5744600.0,,,,,
2025-03-07,31.56999969482422,32.63999938964844,31.21999931335449,32.119998931884766,3266200.0,,,,,
2025-03-10,31.399999618530277,31.690000534057617,30.545000076293945,31.25,3430100.0,,,,,
2025-03-11,32.34000015258789,32.654998779296875,31.34000015258789,31.3799991607666,3342000.0,,,,,
2025-03-12,32.59000015258789,33.189998626708984,32.38999938964844,32.38999938964844,2931800.0,,,,,
2025-03-13,32.310001373291016,32.81999969482422,31.850000381469727,32.369998931884766,3401100.0,,,,,
2025-03-14,32.970001220703125,33.45000076293945,32.41999816894531,32.59000015258789,1577600.0,,,,,
2025-03-17,33.0099983215332,33.439998626708984,32.33000183105469,32.97999954223633,1810800.0,,,,,
2025-03-18,32.189998626708984,32.650001525878906,31.5,31.809999465942383,1942100.0,,,,,
2025-03-19,33.75,33.810001373291016,32.040000915527344,32.2400016784668,2457500.0,,,,,
2025-03-20,33.90999984741211,34.61000061035156,33.04499816894531,33.52000045776367,2383400.0,,,,,
2025-03-21,34.77000045776367,35.09000015258789,33.09000015258789,33.38999938964844,3460900.0,,,,,
2025-03-24,37.220001220703125,37.93999862670898,34.79999923706055,35.099998474121094,4338800.0,,,,,
2025-03-25,36.7400016784668,37.56999969482422,36.52000045776367,37.290000915527344,3293000.0,,,,,
2025-03-26,36.09999847412109,36.84000015258789,35.77000045776367,36.7400016784668,1624200.0,,,,,
2025-03-27,36.400001525878906,37.060001373291016,36.02999877929688,36.470001220703125,1705900.0,,,,,
2025-03-28,35.11000061035156,36.400001525878906,34.970001220703125,35.97999954223633,1191500.0,,,,,
2025-03-31,34.56999969482422,35.369998931884766,33.849998474121094,35.2400016784668,2651900.0,,,,,
2025-04-01,33.02000045776367,34.5,32.84000015258789,33.849998474121094,3045400.0,,,,,
2025-04-02,34.619998931884766,34.7400016784668,32.83000183105469,32.88999938964844,1967400.0,,,,,
2025-04-03,34.06999969482422,34.86000061035156,33.29999923706055,33.29999923706055,2415100.0,,,,,
2025-04-04,31.3700008392334,33.8849983215332,30.86000061035156,33.3650016784668,4015200.0,,,,,
2025-04-07,30.670000076293945,32.290000915527344,28.86000061035156,29.520000457763672,4063700.0,,,,,
2025-04-08,30.13999938964844,32.77000045776367,29.434999465942383,32.08000183105469,3540100.0,,,,,
2025-04-09,32.880001068115234,33.279998779296875,28.325000762939453,29.6299991607666,5599300.0,,,,,
2025-04-10,32.310001373291016,32.880001068115234,30.07999992370605,32.0099983215332,3502000.0,,,,,
2025-04-11,33.90999984741211,34.08000183105469,31.899999618530277,32.279998779296875,2149600.0,,,,,
2025-04-14,34.849998474121094,35.029998779296875,33.58300018310547,34.5,1855300.0,,,,,
2025-04-15,34.2400016784668,35.15900039672852,33.84000015258789,34.58000183105469,1647400.0,,,,,
2025-04-16,33.849998474121094,34.4900016784668,33.099998474121094,34.2400016784668,2438700.0,,,,,
2025-04-17,33.869998931884766,34.29999923706055,33.369998931884766,33.540000915527344,1410600.0,,,,,
2025-04-21,33.5099983215332,34.290000915527344,33.209999084472656,33.68000030517578,1498900.0,,,,,
2025-04-22,34.18000030517578,34.52000045776367,33.54999923706055,34.16999816894531,1721700.0,,,,,
2025-04-23,35.22999954223633,36.11000061035156,34.91999816894531,35.29999923706055,3309300.0,,,,,
2025-04-24,35.959999084472656,35.9900016784668,34.709999084472656,35.13999938964844,1536600.0,,,,,
2025-04-25,36.30500030517578,36.34999847412109,35.130001068115234,35.20000076293945,1287700.0,,,,,
2025-04-28,35.88999938964844,36.900001525878906,34.66999816894531,36.45000076293945,3256200.0,,,,,
2025-04-29,36.41999816894531,37.04999923706055,35.66999816894531,36.04999923706055,4483000.0,,,,,
2025-04-30,38.36000061035156,39.540000915527344,37.2400016784668,38.61000061035156,10839900.0,,,,,
2025-05-01,38.400001525878906,38.6150016784668,36.84999847412109,38.290000915527344,4725200.0,,,,,
2025-05-02,38.56999969482422,39.15999984741211,38.119998931884766,38.84999847412109,3168000.0,,,,,
2025-05-05,38.220001220703125,38.72999954223633,37.7599983215332,38.72999954223633,2121300.0,,,,,
2025-05-06,36.93999862670898,38.005001068115234,36.209999084472656,37.84000015258789,4393300.0,,,,,
2025-05-07,35.81999969482422,37.025001525878906,35.439998626708984,36.93999862670898,3727900.0,,,,,
2025-05-08,34.849998474121094,35.75,33.91999816894531,35.625,5319900.0,,,,,
2025-05-09,34.16999816894531,35.599998474121094,34.150001525878906,35.43000030517578,1789100.0,,,,,
2025-05-12,35.68000030517578,36.11000061035156,34.2599983215332,34.53499984741211,3253200.0,,,,,
2025-05-13,33.2599983215332,34.84000015258789,33.209999084472656,34.724998474121094,6480200.0,,,,,
2025-05-14,33.65999984741211,34.04999923706055,32.900001525878906,33.33000183105469,3140500.0,,,,,
2025-05-15,33.7400016784668,34.01499938964844,33.2400016784668,33.7400016784668,2199000.0,,,,,
2025-05-16,33.84000015258789,34.15999984741211,33.56999969482422,33.81999969482422,2618200.0,,,,,
2025-05-19,33.689998626708984,33.900001525878906,32.69499969482422,33.43000030517578,2392400.0,,,,,
2025-05-20,33.709999084472656,34.435001373291016,33.029998779296875,33.459999084472656,2230300.0,,,,,
2025-05-21,32.84000015258789,33.68000030517578,32.5099983215332,33.36000061035156,1674900.0,,,,,
2025-05-22,32.970001220703125,33.25,32.391998291015625,32.720001220703125,1349200.0,,,,,
2025-05-23,33.34000015258789,33.42499923706055,32.29999923706055,32.47999954223633,2047200.0,,,,,
2025-05-27,33.099998474121094,33.93000030517578,32.970001220703125,33.93000030517578,1573500.0,,,,,
2025-05-28,32.2599983215332,33.400001525878906,32.15999984741211,33.13999938964844,2475200.0,,,,,
2025-05-29,33.369998931884766,33.38999938964844,31.770000457763672,32.560001373291016,2623300.0,,,,,
2025-05-30,34.25,34.72999954223633,32.369998931884766,33.09000015258789,2965100.0,,,,,
2025-06-02,35.459999084472656,35.52000045776367,34.130001068115234,34.52000045776367,2328700.0,,,,,
2025-06-03,37.52000045776367,37.869998931884766,35.14500045776367,35.4900016784668,3079800.0,,,,,
2025-06-04,38.02000045776367,39.11000061035156,37.56999969482422,37.7400016784668,3503200.0,,,,,
2025-06-05,38.34000015258789,38.7400016784668,37.68999862670898,38.06999969482422,2261000.0,,,,,
2025-06-06,38.619998931884766,39.66999816894531,38.26499938964844,38.90999984741211,2682500.0,,,,,
2025-06-09,39.02999877929688,39.84999847412109,38.68999862670898,39.459999084472656,2923000.0,,,,,
2025-06-10,40.09000015258789,40.400001525878906,39.09999847412109,39.09999847412109,2708800.0,,,,,
2025-06-11,39.04999923706055,40.380001068115234,39.0,40.09999847412109,2231500.0,,,,,
2025-06-12,39.650001525878906,39.970001220703125,38.7599983215332,39.0,1738800.0,,,,,
2025-06-13,39.77999877929688,39.81499862670898,38.57500076293945,38.959999084472656,2644800.0,,,,,
2025-06-16,41.13999938964844,41.35499954223633,39.630001068115234,39.95000076293945,2864800.0,,,,,
2025-06-17,40.06999969482422,41.119998931884766,39.900001525878906,41.06999969482422,3680600.0,,,,,
2025-06-18,40.0,41.709999084472656,39.650001525878906,40.34000015258789,3259600.0,,,,,
2025-06-20,41.72999954223633,41.935001373291016,40.18999862670898,40.40999984741211,5525700.0,,,,,
2025-06-23,42.17499923706055,42.20000076293945,41.29999923706055,41.31999969482422,2589700.0,,,,,
2025-06-24,44.45000076293945,44.75,42.290000915527344,42.59000015258789,3815200.0,,,,,
2025-06-25,44.380001068115234,45.18000030517578,43.47999954223633,44.77999877929688,3185700.0,,,,,
2025-06-26,45.119998931884766,45.130001068115234,43.77999877929688,44.95000076293945,2587300.0,,,,,
2025-06-27,44.86000061035156,45.47999954223633,44.20000076293945,45.18000030517578,8453200.0,,,,,
2025-06-30,43.18000030517578,45.22999954223633,42.93999862670898,45.130001068115234,5468400.0,,,,,
2025-07-01,42.77999877929688,43.040000915527344,41.79999923706055,43.0,2782200.0,,,,,
2025-07-02,42.83000183105469,43.15499877929688,42.119998931884766,42.41999816894531,2641700.0,,,,,
2025-07-03,43.9900016784668,44.06999969482422,42.28499984741211,42.630001068115234,2459700.0,,,,,
2025-07-07,43.5,43.77000045776367,42.95000076293945,43.77000045776367,2540700.0,,,,,
2025-07-08,43.18999862670898,44.02999877929688,43.150001525878906,43.68000030517578,2006900.0,,,,,
2025-07-09,45.97999954223633,46.43000030517578,43.90999984741211,44.255001068115234,4633800.0,,,,,
2025-07-10,46.27000045776367,46.79999923706055,45.93000030517578,46.09000015258789,2424200.0,,,,,
2025-07-11,46.470001220703125,46.7599983215332,45.729000091552734,45.97999954223633,2188000.0,,,,,
2025-07-14,47.68999862670898,48.680999755859375,46.79499816894531,47.34199905395508,3861100.0,,,,,
2025-07-15,46.96500015258789,48.415000915527344,46.630001068115234,48.18999862670898,2416500.0,,,,,
2025-07-16,47.09999847412109,47.65999984741211,46.70000076293945,47.290000915527344,2586500.0,,,,,
2025-07-17,46.7400016784668,47.47999954223633,46.59000015258789,47.02000045776367,1254900.0,,,,,
2025-07-18,46.5099983215332,47.36000061035156,46.1349983215332,47.04999923706055,2139100.0,,,,,
2025-07-21,45.900001525878906,47.400001525878906,45.810001373291016,47.34000015258789,2361000.0,,,,,
2025-07-22,45.77000045776367,46.38999938964844,45.290000915527344,45.869998931884766,2109000.0,,,,,
2025-07-23,46.18999862670898,47.04499816894531,45.36000061035156,46.0,2086100.0,,,,,
2025-07-24,45.65999984741211,46.76800155639648,45.5,46.060001373291016,1594500.0,,,,,
2025-07-25,46.29999923706055,46.40999984741211,45.27299880981445,45.61000061035156,1508900.0,,,,,
2025-07-28,46.22999954223633,47.11000061035156,46.09000015258789,46.58000183105469,2054100.0,,,,,
2025-07-29,46.31999969482422,46.83000183105469,45.91999816894531,46.52999877929688,1462000.0,,,,,
2025-07-30,45.619998931884766,46.77000045776367,45.10599899291992,46.26499938964844,1683300.0,,,,,
2025-07-31,47.27000045776367,48.06499862670898,45.55500030517578,45.630001068115234,2820500.0,,,,,
2025-08-01,47.369998931884766,48.02999877929688,46.30500030517578,46.5,2215500.0,,,,,
2025-08-04,47.75,48.20000076293945,47.209999084472656,47.68999862670898,2488500.0,,,,,
2025-08-05,49.209999084472656,49.77000045776367,47.005001068115234,47.45000076293945,5690900.0,,,,,
2025-08-06,44.810001373291016,45.84999847412109,42.09000015258789,44.5,14108100.0,,,,,
2025-08-07,45.95000076293945,46.150001525878906,44.09999847412109,44.4900016784668,2662100.0,,,,,
2025-08-08,46.58000183105469,47.2400016784668,45.39500045776367,45.63999938964844,2570100.0,,,,,
2025-08-11,48.2400016784668,48.29999923706055,46.28499984741211,46.4900016784668,2335400.0,,,,,
2025-08-12,49.09000015258789,49.13999938964844,47.3650016784668,48.5099983215332,2138700.0,,,,,
2025-08-13,50.380001068115234,50.5099983215332,49.10499954223633,49.59999847412109,2222200.0,,,,,
2025-08-14,51.18000030517578,51.86000061035156,49.75,49.959999084472656,2026700.0,,,,,
2025-08-15,51.31999969482422,51.65999984741211,50.59999847412109,51.15999984741211,2221500.0,,,,,
2025-08-18,49.02000045776367,51.0,48.994998931884766,50.95000076293945,2998600.0,,,,,
2025-08-19,48.90999984741211,49.59999847412109,48.0260009765625,48.4900016784668,2401300.0,,,,,
2025-08-20,48.880001068115234,49.2599983215332,48.220001220703125,48.900001525878906,1765400.0,,,,,
2025-08-21,50.22999954223633,50.25,48.290000915527344,48.70000076293945,1340000.0,,,,,
2025-08-22,49.08000183105469,50.72999954223633,48.84000015258789,50.61000061035156,1490100.0,,,,,
2025-08-25,47.290000915527344,49.08000183105469,46.810001373291016,48.77999877929688,1953600.0,,,,,
2025-08-26,48.869998931884766,48.90999984741211,47.2599983215332,47.41999816894531,2201200.0,,,,,
2025-08-27,49.59000015258789,50.79999923706055,48.810001373291016,48.810001373291016,2502000.0,,,,,
2025-08-28,52.56999969482422,52.59999847412109,49.27999877929688,49.27999877929688,2690700.0,,,,,
2025-08-29,51.7599983215332,52.845001220703125,50.90499877929688,52.4900016784668,2995300.0,,,,,
2025-09-02,50.0,52.63999938964844,49.900001525878906,51.095001220703125,3105600.0,,,,,
2025-09-03,51.84000015258789,52.63999938964844,49.75,50.060001373291016,2745300.0,,,,,
2025-09-04,51.83000183105469,52.47999954223633,50.4900016784668,51.970001220703125,2908400.0,,,,,
2025-09-05,53.380001068115234,53.970001220703125,51.5,51.83000183105469,2916300.0,,,,,
2025-09-08,54.290000915527344,54.59999847412109,52.959999084472656,53.3650016784668,2050800.0,,,,,
2025-09-09,53.5,54.459999084472656,52.25,54.09000015258789,2029200.0,,,,,
2025-09-10,52.959999084472656,54.25,52.20000076293945,53.595001220703125,1599000.0,,,,,
2025-09-11,52.59999847412109,53.59999847412109,52.34999847412109,53.08000183105469,1898100.0,,,,,
2025-09-12,51.209999084472656,54.290000915527344,51.02999877929688,52.90999984741211,2087800.0,,,,,
2025-09-15,51.470001220703125,51.47999954223633,49.93999862670898,51.08000183105469,1312000.0,,,,,
2025-09-16,51.4900016784668,51.89500045776367,50.720001220703125,51.470001220703125,2433200.0,,,,,
2025-09-17,51.18000030517578,52.720001220703125,51.16999816894531,52.11000061035156,1814600.0,,,,,
2025-09-18,53.33000183105469,53.380001068115234,51.220001220703125,51.220001220703125,2160700.0,,,,,
2025-09-19,52.369998931884766,53.91999816894531,51.880001068115234,53.33000183105469,6030000.0,,,,,
2025-09-22,51.540000915527344,52.59000015258789,51.31999969482422,52.209999084472656,2175900.0,,,,,
2025-09-23,51.5,52.43000030517578,51.34999847412109,51.459999084472656,2157600.0,,,,,
2025-09-24,50.650001525878906,51.84999847412109,50.25,51.220001220703125,1575400.0,,,,,
2025-09-25,49.0,50.25,48.77999877929688,50.02999877929688,2909600.0,,,,,
2025-09-26,50.04999923706055,50.09999847412109,48.880001068115234,48.970001220703125,1485800.0,,,,,
2025-09-29,51.959999084472656,52.45000076293945,50.5,50.68000030517578,1954700.0,,,,,
2025-09-30,51.93999862670898,52.36299896240234,50.79999923706055,52.2599983215332,2221400.0,,,,,
2025-10-01,53.47999954223633,53.810001373291016,51.869998931884766,51.869998931884766,1457400.0,,,,,
2025-10-02,53.27999877929688,53.744998931884766,51.84999847412109,53.540000915527344,1603000.0,,,,,
2025-10-03,52.86000061035156,53.78300094604492,52.0,53.2400016784668,1415100.0,,,,,
2025-10-06,54.61000061035156,54.63999938964844,52.97499847412109,53.150001525878906,1368700.0,,,,,
2025-10-07,54.220001220703125,55.130001068115234,52.970001220703125,54.61000061035156,1812900.0,,,,,
2025-10-08,55.29999923706055,55.33000183105469,53.81999969482422,54.54999923706055,2218200.0,,,,,
2025-10-09,54.790000915527344,55.28499984741211,54.47999954223633,55.09000015258789,2113700.0,,,,,
2025-10-10,55.4900016784668,55.93999862670898,54.65999984741211,54.83000183105469,3293100.0,,,,,
2025-10-13,55.959999084472656,56.2400016784668,55.06999969482422,55.97999954223633,2257300.0,,,,,
2025-10-14,56.5,57.470001220703125,55.40999984741211,55.95000076293945,2490200.0,,,,,
2025-10-15,56.630001068115234,57.4900016784668,55.709999084472656,56.630001068115234,1881000.0,,,,,
2025-10-16,55.02999877929688,56.79999923706055,54.494998931884766,56.77999877929688,1184000.0,,,,,
2025-10-17,54.91999816894531,55.48500061035156,54.02000045776367,54.34999847412109,1364700.0,,,,,
2025-10-20,,,,,,56.255001068115234,56.29999923706055,53.709999084472656,55.54999923706055,1933300.0
2025-10-21,,,,,,54.36000061035156,56.5,54.290000915527344,56.209999084472656,1191700.0
2025-10-22,,,,,,53.2400016784668,54.56999969482422,52.849998474121094,54.310001373291016,1373100.0
2025-10-23,,,,,,53.810001373291016,53.95800018310547,52.75,53.119998931884766,1233000.0
2025-10-24,,,,,,54.2599983215332,55.564998626708984,54.22999954223633,54.79999923706055,1497500.0
2025-10-27,,,,,,63.560001373291016,65.0,56.7400016784668,57.0,8486800.0
2025-10-28,,,,,,64.5,64.61000061035156,62.5099983215332,63.02000045776367,3340100.0
2025-10-29,,,,,,66.62000274658203,69.4800033569336,63.0,69.37000274658203,7435000.0
2025-10-30,,,,,,63.369998931884766,67.75,62.70500183105469,66.06999969482422,4843400.0
2025-10-31,,,,,,62.63999938964844,64.31999969482422,62.060001373291016,63.880001068115234,2470300.0
2025-11-03,,,,,,61.97999954223633,64.19000244140625,60.790000915527344,62.7400016784668,2137000.0
2025-11-04,,,,,,61.369998931884766,61.904998779296875,60.220001220703125,61.41999816894531,1989200.0
2025-11-05,,,,,,62.65999984741211,63.40999984741211,60.7400016784668,61.369998931884766,2126000.0
2025-11-06,,,,,,62.72999954223633,64.44000244140625,62.150001525878906,62.72999954223633,3218900.0
2025-11-07,,,,,,61.79999923706055,63.2599983215332,60.54999923706055,62.72999954223633,2326000.0
2025-11-10,,,,,,62.810001373291016,63.22999954223633,62.060001373291016,62.130001068115234,1277100.0
2025-11-11,,,,,,66.58000183105469,66.72000122070312,62.060001373291016,63.119998931884766,2578700.0
2025-11-12,,,,,,66.22000122070312,67.93000030517578,65.0999984741211,66.06999969482422,2077800.0
2025-11-13,,,,,,65.05999755859375,67.27999877929688,64.94999694824219,65.12999725341797,1770600.0
2025-11-14,,,,,,66.38999938964844,67.70999908447266,63.904998779296875,64.0,1539500.0
2025-11-17,,,,,,66.9000015258789,67.48999786376953,65.4000015258789,65.69000244140625,2532600.0
2025-11-18,,,,,,65.58999633789062,66.94000244140625,64.33999633789062,65.58999633789062,2103000.0
2025-11-19,,,,,,65.54000091552734,65.95999908447266,64.5,65.53500366210938,1270300.0
2025-11-20,,,,,,64.62000274658203,67.25,64.47000122070312,66.4000015258789,2063000.0
2025-11-21,,,,,,68.11000061035156,69.39800262451172,64.41000366210938,64.63999938964844,4127500.0
2025-11-24,,,,,,70.98999786376953,71.43499755859375,67.91999816894531,67.91999816894531,4530300.0
2025-11-25,,,,,,70.62999725341797,71.6500015258789,69.52999877929688,70.67500305175781,1876700.0
2025-11-26,,,,,,71.72000122070312,72.26000213623047,70.0999984741211,70.9800033569336,1744600.0
2025-11-28,,,,,,72.01000213623047,72.27999877929688,70.93000030517578,71.05999755859375,524500.0
2025-12-01,,,,,,71.77999877929688,72.47000122070312,71.06999969482422,72.01000213623047,2403100.0
2025-12-02,,,,,,71.45999908447266,73.44999694824219,71.3499984741211,72.16999816894531,2180600.0
2025-12-03,,,,,,74.1500015258789,74.33999633789062,71.16000366210938,71.94000244140625,2046800.0
2025-12-04,,,,,,74.76000213623047,75.04000091552734,72.4800033569336,74.01000213623047,1347900.0
2025-12-05,,,,,,73.63999938964844,74.86000061035156,72.375,74.4000015258789,1938800.0
2025-12-08,,,,,,74.23999786376953,75.0999984741211,73.69999694824219,74.26000213623047,1658900.0
2025-12-09,,,,,,71.66999816894531,74.72000122070312,71.46499633789062,74.05000305175781,1711500.0
2025-12-10,,,,,,72.69999694824219,73.05999755859375,70.3499984741211,71.45999908447266,1606400.0
2025-12-11,,,,,,74.06500244140625,74.2699966430664,72.41999816894531,74.01000213623047,1705100.0
2025-12-12,,,,,,75.1500015258789,75.23999786376953,72.6500015258789,73.83000183105469,1597300.0
2025-12-15,,,,,,74.51000213623047,75.61000061035156,73.94999694824219,74.95999908447266,2333900.0
2025-12-16,,,,,,75.69000244140625,76.51000213623047,72.7300033569336,73.48999786376953,2216700.0
2025-12-17,,,,,,74.0199966430664,75.73999786376953,73.94999694824219,75.31999969482422,1532900.0
2025-12-18,,,,,,74.13999938964844,75.91999816894531,73.4800033569336,75.36000061035156,1451900.0
2025-12-19,,,,,,76.30000305175781,77.19999694824219,74.19999694824219,74.44000244140625,4685000.0
2025-12-22,,,,,,77.08999633789062,78.44000244140625,76.44999694824219,76.80000305175781,2042500.0
2025-12-23,,,,,,76.44000244140625,77.4000015258789,76.12999725341797,76.37999725341797,137726.0
