Date,Close,High,Low,Open,Volume,"('Close', 'GOSS')","('High', 'GOSS')","('Low', 'GOSS')","('Open', 'GOSS')","('Volume', 'GOSS')"
2024-06-03,0.5809999704360962,0.6200000047683716,0.574999988079071,0.6039999723434448,829300.0,,,,,
2024-06-04,0.5550000071525574,0.6000000238418579,0.550000011920929,0.5799999833106995,1018800.0,,,,,
2024-06-05,0.5730000138282776,0.5839999914169312,0.5550000071525574,0.5649999976158142,862300.0,,,,,
2024-06-06,0.6000000238418579,0.6269999742507935,0.5699999928474426,0.5759999752044678,1126100.0,,,,,
2024-06-07,0.5479999780654907,0.6299999952316284,0.5410000085830688,0.6000000238418579,1100700.0,,,,,
2024-06-10,0.5149999856948853,0.5820000171661377,0.4990000128746032,0.5699999928474426,2199400.0,,,,,
2024-06-11,0.5099999904632568,0.5299999713897705,0.5080000162124634,0.5199999809265137,1825600.0,,,,,
2024-06-12,0.5199999809265137,0.5550000071525574,0.5149999856948853,0.5210000276565552,1154000.0,,,,,
2024-06-13,0.5170000195503235,0.5299999713897705,0.5099999904632568,0.5289999842643738,945400.0,,,,,
2024-06-14,0.5199999809265137,0.5299999713897705,0.5130000114440918,0.5239999890327454,731800.0,,,,,
2024-06-17,0.5199999809265137,0.6449999809265137,0.5199999809265137,0.531000018119812,15763300.0,,,,,
2024-06-18,0.5419999957084656,0.6000000238418579,0.531000018119812,0.5910000205039978,4436100.0,,,,,
2024-06-20,0.5690000057220459,0.5799999833106995,0.550000011920929,0.5519999861717224,916600.0,,,,,
2024-06-21,0.6499999761581421,0.7229999899864197,0.5950000286102295,0.6000000238418579,11632400.0,,,,,
2024-06-24,0.8259999752044678,0.8420000076293945,0.6610000133514404,0.6610000133514404,4684100.0,,,,,
2024-06-25,1.0099999904632568,1.090000033378601,0.8799999952316284,0.9200000166893004,15381900.0,,,,,
2024-06-26,0.9390000104904176,1.0199999809265137,0.8629999756813049,0.9950000047683716,4266700.0,,,,,
2024-06-27,0.9520000219345092,1.059000015258789,0.871999979019165,0.9200000166893004,2531800.0,,,,,
2024-06-28,0.9010000228881836,0.9639999866485596,0.8899999856948853,0.944000005722046,1309900.0,,,,,
2024-07-01,0.9480000138282776,0.9509999752044678,0.8899999856948853,0.9089999794960022,1202500.0,,,,,
2024-07-02,0.959999978542328,1.0199999809265137,0.9240000247955322,0.949999988079071,1648100.0,,,,,
2024-07-03,1.0299999713897705,1.0299999713897705,0.9139999747276306,0.9900000095367432,1368000.0,,,,,
2024-07-05,1.0800000429153442,1.0800000429153442,1.0,1.0,1587500.0,,,,,
2024-07-08,1.159999966621399,1.159999966621399,1.0429999828338623,1.0800000429153442,1785600.0,,,,,
2024-07-09,1.2000000476837158,1.2000000476837158,1.100000023841858,1.1699999570846558,2242700.0,,,,,
2024-07-10,1.1699999570846558,1.2899999618530271,1.1299999952316284,1.2000000476837158,2554700.0,,,,,
2024-07-11,1.2300000190734863,1.3700000047683716,1.1549999713897705,1.190000057220459,3215000.0,,,,,
2024-07-12,1.1699999570846558,1.3250000476837158,1.159999966621399,1.2899999618530271,1633600.0,,,,,
2024-07-15,1.1799999475479126,1.2100000381469729,1.118000030517578,1.2100000381469729,1924100.0,,,,,
2024-07-16,1.25,1.3300000429153442,1.184999942779541,1.190000057220459,4316300.0,,,,,
2024-07-17,1.090000033378601,1.3200000524520874,1.0750000476837158,1.2699999809265137,2708900.0,,,,,
2024-07-18,1.0499999523162842,1.190000057220459,1.0299999713897705,1.0700000524520874,1543600.0,,,,,
2024-07-19,1.0299999713897705,1.0800000429153442,1.0199999809265137,1.0299999713897705,787800.0,,,,,
2024-07-22,1.059999942779541,1.0800000429153442,1.0199999809265137,1.0199999809265137,531100.0,,,,,
2024-07-23,1.0700000524520874,1.090000033378601,1.0199999809265137,1.0399999618530271,424400.0,,,,,
2024-07-24,1.0700000524520874,1.149999976158142,1.0499999523162842,1.059999942779541,808300.0,,,,,
2024-07-25,1.090000033378601,1.1399999856948853,1.059999942779541,1.059999942779541,467000.0,,,,,
2024-07-26,1.1200000047683716,1.1399999856948853,1.0700000524520874,1.090000033378601,703800.0,,,,,
2024-07-29,1.0199999809265137,1.1200000047683716,1.0,1.1200000047683716,1325500.0,,,,,
2024-07-30,0.9449999928474426,1.0700000524520874,0.9039999842643738,1.0299999713897705,2117600.0,,,,,
2024-07-31,0.902999997138977,0.9980000257492064,0.8999999761581421,0.959999978542328,965900.0,,,,,
2024-08-01,0.8799999952316284,0.9800000190734864,0.8700000047683716,0.9120000004768372,2269400.0,,,,,
2024-08-02,0.8920000195503235,0.9710000157356262,0.8399999737739563,0.8700000047683716,1111100.0,,,,,
2024-08-05,0.7900000214576721,0.847000002861023,0.7670000195503235,0.8100000023841858,2013100.0,,,,,
2024-08-06,0.8330000042915344,0.9269999861717224,0.8140000104904175,0.8500000238418579,1322700.0,,,,,
2024-08-07,0.8119999766349792,0.8970000147819519,0.8090000152587891,0.8450000286102295,551400.0,,,,,
2024-08-08,0.8169999718666077,0.8399999737739563,0.7799999713897705,0.8199999928474426,506800.0,,,,,
2024-08-09,0.7910000085830688,0.8970000147819519,0.7910000085830688,0.8500000238418579,592800.0,,,,,
2024-08-12,0.7950000166893005,0.8489999771118164,0.7799999713897705,0.800000011920929,598200.0,,,,,
2024-08-13,0.824999988079071,0.8899999856948853,0.8109999895095825,0.8259999752044678,665700.0,,,,,
2024-08-14,0.8270000219345093,0.8600000143051147,0.7850000262260437,0.8489999771118164,884500.0,,,,,
2024-08-15,0.824999988079071,0.8740000128746033,0.8199999928474426,0.8309999704360962,688000.0,,,,,
2024-08-16,0.8500000238418579,0.8600000143051147,0.8090000152587891,0.8180000185966492,554000.0,,,,,
2024-08-19,0.9330000281333924,0.9350000023841858,0.8450000286102295,0.8600000143051147,1574500.0,,,,,
2024-08-20,0.9300000071525574,0.9300000071525574,0.8799999952316284,0.912999987602234,508200.0,,,,,
2024-08-21,0.9399999976158142,0.9700000286102296,0.8949999809265137,0.9120000004768372,746000.0,,,,,
2024-08-22,0.890999972820282,0.949999988079071,0.8700000047683716,0.9300000071525574,635000.0,,,,,
2024-08-23,0.9089999794960022,0.9279999732971193,0.8709999918937683,0.8960000276565552,477400.0,,,,,
2024-08-26,0.9240000247955322,0.953000009059906,0.8939999938011169,0.8939999938011169,804300.0,,,,,
2024-08-27,0.9139999747276306,0.9449999928474426,0.8899999856948853,0.9359999895095824,558700.0,,,,,
2024-08-28,0.8820000290870667,0.925000011920929,0.8619999885559082,0.9139999747276306,663200.0,,,,,
2024-08-29,0.8610000014305115,0.9089999794960022,0.8220000267028809,0.8899999856948853,1018600.0,,,,,
2024-08-30,0.878000020980835,0.8899999856948853,0.8299999833106995,0.878000020980835,591400.0,,,,,
2024-09-03,0.8669999837875366,0.9300000071525574,0.8460000157356262,0.8460000157356262,1240100.0,,,,,
2024-09-04,0.859000027179718,0.8930000066757202,0.8399999737739563,0.8930000066757202,630600.0,,,,,
2024-09-05,0.9610000252723694,0.9700000286102296,0.8299999833106995,0.8619999885559082,2095800.0,,,,,
2024-09-06,0.9100000262260436,0.975000023841858,0.8730000257492065,0.9700000286102296,768800.0,,,,,
2024-09-09,0.9300000071525574,0.975000023841858,0.8999999761581421,0.9229999780654908,540500.0,,,,,
2024-09-10,0.9210000038146972,0.9459999799728394,0.8899999856948853,0.9200000166893004,428700.0,,,,,
2024-09-11,0.8899999856948853,0.9399999976158142,0.8799999952316284,0.9100000262260436,535100.0,,,,,
2024-09-12,0.8799999952316284,0.9100000262260436,0.8519999980926514,0.8830000162124634,1505400.0,,,,,
2024-09-13,0.9210000038146972,0.9300000071525574,0.8600000143051147,0.8799999952316284,611700.0,,,,,
2024-09-16,0.9100000262260436,0.9449999928474426,0.8809999823570251,0.9449999928474426,630700.0,,,,,
2024-09-17,0.8989999890327454,0.9399999976158142,0.8899999856948853,0.9179999828338624,598600.0,,,,,
2024-09-18,0.9110000133514404,0.9700000286102296,0.8709999918937683,0.8999999761581421,842900.0,,,,,
2024-09-19,0.959999978542328,0.977999985218048,0.9010000228881836,0.9399999976158142,642700.0,,,,,
2024-09-20,1.0499999523162842,1.0700000524520874,0.9340000152587892,0.9589999914169312,2393900.0,,,,,
2024-09-23,1.0,1.1100000143051147,0.9800000190734864,1.1100000143051147,1557000.0,,,,,
2024-09-24,0.9940000176429749,1.0299999713897705,0.9850000143051147,0.9900000095367432,563500.0,,,,,
2024-09-25,0.9829999804496764,1.0199999809265137,0.9800000190734864,1.0,556000.0,,,,,
2024-09-26,0.9520000219345092,0.9900000095367432,0.9390000104904176,0.9800000190734864,799400.0,,,,,
2024-09-27,0.959999978542328,0.9990000128746032,0.9390000104904176,0.949999988079071,871800.0,,,,,
2024-09-30,0.9860000014305116,1.0,0.975000023841858,0.9760000109672546,544900.0,,,,,
2024-10-01,1.0499999523162842,1.059999942779541,0.959999978542328,0.972000002861023,2194300.0,,,,,
2024-10-02,1.0499999523162842,1.0700000524520874,1.0,1.0499999523162842,484900.0,,,,,
2024-10-03,1.0099999904632568,1.0399999618530271,0.9800000190734864,1.0299999713897705,2111300.0,,,,,
2024-10-04,1.0700000524520874,1.090000033378601,1.0,1.0199999809265137,1376100.0,,,,,
2024-10-07,1.0499999523162842,1.0700000524520874,1.0399999618530271,1.0499999523162842,414600.0,,,,,
2024-10-08,1.0199999809265137,1.059999942779541,1.0099999904632568,1.0499999523162842,604100.0,,,,,
2024-10-09,1.0099999904632568,1.0490000247955322,0.9760000109672546,1.0299999713897705,880500.0,,,,,
2024-10-10,0.984000027179718,1.0099999904632568,0.972000002861023,1.0099999904632568,296900.0,,,,,
2024-10-11,0.9649999737739564,0.984000027179718,0.9300000071525574,0.9789999723434448,745100.0,,,,,
2024-10-14,0.9419999718666076,0.9800000190734864,0.9390000104904176,0.949999988079071,669700.0,,,,,
2024-10-15,0.9679999947547911,0.9800000190734864,0.9399999976158142,0.9399999976158142,446700.0,,,,,
2024-10-16,0.9700000286102296,0.9800000190734864,0.9539999961853028,0.9700000286102296,429700.0,,,,,
2024-10-17,0.9629999995231628,0.9800000190734864,0.9539999961853028,0.959999978542328,268300.0,,,,,
2024-10-18,0.962000012397766,0.9829999804496764,0.9399999976158142,0.9559999704360962,834400.0,,,,,
2024-10-21,0.9210000038146972,0.9700000286102296,0.9100000262260436,0.949999988079071,901300.0,,,,,
2024-10-22,0.8899999856948853,0.9269999861717224,0.8600000143051147,0.9100000262260436,953600.0,,,,,
2024-10-23,0.8889999985694885,0.9100000262260436,0.8510000109672546,0.8999999761581421,986900.0,,,,,
2024-10-24,0.8999999761581421,0.9100000262260436,0.8740000128746033,0.8889999985694885,596500.0,,,,,
2024-10-25,0.9409999847412108,0.9629999995231628,0.8709999918937683,0.9100000262260436,531500.0,,,,,
2024-10-28,0.9169999957084656,0.962000012397766,0.890999972820282,0.9419999718666076,634000.0,,,,,
2024-10-29,0.9139999747276306,0.9399999976158142,0.8989999890327454,0.9399999976158142,273600.0,,,,,
2024-10-30,0.8960000276565552,0.9330000281333924,0.8799999952316284,0.9089999794960022,735700.0,,,,,
2024-10-31,0.878000020980835,0.9200000166893004,0.8700000047683716,0.8999999761581421,602300.0,,,,,
2024-11-01,0.8740000128746033,0.902999997138977,0.8669999837875366,0.878000020980835,594900.0,,,,,
2024-11-04,0.8859999775886536,0.8989999890327454,0.7789999842643738,0.8700000047683716,1518500.0,,,,,
2024-11-05,0.878000020980835,0.8980000019073486,0.8600000143051147,0.8980000019073486,567100.0,,,,,
2024-11-06,0.8870000243186951,0.9100000262260436,0.8650000095367432,0.9100000262260436,371400.0,,,,,
2024-11-07,0.8870000243186951,0.9160000085830688,0.8799999952316284,0.890999972820282,520000.0,,,,,
2024-11-08,0.8790000081062317,0.8980000019073486,0.8510000109672546,0.8700000047683716,981400.0,,,,,
2024-11-11,0.8579999804496765,0.8899999856948853,0.8500000238418579,0.8700000047683716,822600.0,,,,,
2024-11-12,0.8479999899864197,0.8820000290870667,0.8199999928474426,0.8600000143051147,1261700.0,,,,,
2024-11-13,0.8159999847412109,0.8769999742507935,0.8009999990463257,0.8600000143051147,1928700.0,,,,,
2024-11-14,0.7699999809265137,0.8299999833106995,0.7599999904632568,0.8100000023841858,2229200.0,,,,,
2024-11-15,0.7400000095367432,0.7799999713897705,0.7400000095367432,0.7620000243186951,620900.0,,,,,
2024-11-18,0.7200000286102295,0.75,0.7200000286102295,0.75,597800.0,,,,,
2024-11-19,0.7149999737739563,0.7490000128746033,0.6809999942779541,0.7279999852180481,1133200.0,,,,,
2024-11-20,0.6970000267028809,0.7200000286102295,0.6809999942779541,0.7099999785423279,1005500.0,,,,,
2024-11-21,0.6650000214576721,0.7200000286102295,0.6620000004768372,0.7110000252723694,1144800.0,,,,,
2024-11-22,0.6959999799728394,0.7129999995231628,0.6690000295639038,0.6690000295639038,1791500.0,,,,,
2024-11-25,0.6990000009536743,0.7400000095367432,0.6930000185966492,0.7099999785423279,2097500.0,,,,,
2024-11-26,0.699999988079071,0.7200000286102295,0.6959999799728394,0.7149999737739563,1336400.0,,,,,
2024-11-27,0.7020000219345093,0.7200000286102295,0.6899999976158142,0.699999988079071,667400.0,,,,,
2024-11-29,0.6980000138282776,0.7300000190734863,0.6940000057220459,0.7099999785423279,517400.0,,,,,
2024-12-02,0.7300000190734863,0.7310000061988831,0.6899999976158142,0.7200000286102295,2162400.0,,,,,
2024-12-03,0.699999988079071,0.7400000095367432,0.6899999976158142,0.7310000061988831,627300.0,,,,,
2024-12-04,0.7009999752044678,0.7099999785423279,0.6800000071525574,0.6899999976158142,674600.0,,,,,
2024-12-05,0.7149999737739563,0.7269999980926514,0.6669999957084656,0.703000009059906,7297600.0,,,,,
2024-12-06,0.753000020980835,0.7599999904632568,0.7149999737739563,0.7149999737739563,957600.0,,,,,
2024-12-09,0.7670000195503235,0.7900000214576721,0.75,0.7699999809265137,893500.0,,,,,
2024-12-10,0.7390000224113464,0.7699999809265137,0.7210000157356262,0.7699999809265137,426200.0,,,,,
2024-12-11,0.7129999995231628,0.7680000066757202,0.7099999785423279,0.7620000243186951,459500.0,,,,,
2024-12-12,0.9100000262260436,1.100000023841858,0.7620000243186951,0.8299999833106995,17089100.0,,,,,
2024-12-13,0.9300000071525574,0.9490000009536744,0.8809999823570251,0.9300000071525574,2444700.0,,,,,
2024-12-16,0.8579999804496765,0.9300000071525574,0.8270000219345093,0.9300000071525574,2475000.0,,,,,
2024-12-17,0.8730000257492065,0.878000020980835,0.8309999704360962,0.8500000238418579,1020500.0,,,,,
2024-12-18,0.8040000200271606,0.8799999952316284,0.7749999761581421,0.8600000143051147,985900.0,,,,,
2024-12-19,0.8410000205039978,0.8500000238418579,0.7599999904632568,0.8029999732971191,1242700.0,,,,,
2024-12-20,0.8399999737739563,0.8500000238418579,0.7900000214576721,0.8299999833106995,954000.0,,,,,
2024-12-23,0.8579999804496765,0.8799999952316284,0.800000011920929,0.8109999895095825,724600.0,,,,,
2024-12-24,0.843999981880188,0.8799999952316284,0.8199999928474426,0.8700000047683716,487300.0,,,,,
2024-12-26,0.8539999723434448,0.8629999756813049,0.8199999928474426,0.8349999785423279,502300.0,,,,,
2024-12-27,0.8550000190734863,0.8730000257492065,0.8240000009536743,0.8529999852180481,590600.0,,,,,
2024-12-30,0.878000020980835,0.8790000081062317,0.8080000281333923,0.828000009059906,868800.0,,,,,
2024-12-31,0.9049999713897704,0.9089999794960022,0.8650000095367432,0.8799999952316284,934900.0,,,,,
2025-01-02,0.9700000286102296,1.0,0.9100000262260436,0.9139999747276306,1300900.0,,,,,
2025-01-03,1.0199999809265137,1.0199999809265137,0.9490000009536744,0.977999985218048,1441900.0,,,,,
2025-01-06,1.090000033378601,1.159999966621399,1.02400004863739,1.0299999713897705,2952600.0,,,,,
2025-01-07,1.1100000143051147,1.1799999475479126,1.0700000524520874,1.1299999952316284,1393900.0,,,,,
2025-01-08,1.0499999523162842,1.100000023841858,0.972000002861023,1.100000023841858,1330200.0,,,,,
2025-01-10,0.972000002861023,1.0499999523162842,0.9509999752044678,1.0199999809265137,812500.0,,,,,
2025-01-13,0.9229999780654908,1.0199999809265137,0.915000021457672,1.0199999809265137,743000.0,,,,,
2025-01-14,0.8479999899864197,0.9449999928474426,0.824999988079071,0.9279999732971193,772100.0,,,,,
2025-01-15,0.925000011920929,0.944000005722046,0.8500000238418579,0.871999979019165,1094600.0,,,,,
2025-01-16,1.0,1.0299999713897705,0.9010000228881836,0.9160000085830688,846500.0,,,,,
2025-01-17,0.962000012397766,1.0399999618530271,0.9399999976158142,1.0199999809265137,819000.0,,,,,
2025-01-21,0.921999990940094,0.9800000190734864,0.9100000262260436,0.962000012397766,799700.0,,,,,
2025-01-22,0.9020000100135804,0.9399999976158142,0.8700000047683716,0.9259999990463256,656500.0,,,,,
2025-01-23,0.8859999775886536,0.912999987602234,0.8700000047683716,0.8799999952316284,494000.0,,,,,
2025-01-24,0.9300000071525574,0.944000005722046,0.8799999952316284,0.8889999985694885,649200.0,,,,,
2025-01-27,0.9139999747276306,0.9390000104904176,0.8889999985694885,0.8889999985694885,621000.0,,,,,
2025-01-28,0.9210000038146972,0.9319999814033508,0.890999972820282,0.9179999828338624,326100.0,,,,,
2025-01-29,0.9190000295639038,0.9399999976158142,0.8999999761581421,0.9300000071525574,490300.0,,,,,
2025-01-30,0.9639999866485596,0.9700000286102296,0.902999997138977,0.925000011920929,700900.0,,,,,
2025-01-31,0.9940000176429749,1.059000015258789,0.9549999833106996,0.9549999833106996,869900.0,,,,,
2025-02-03,1.0299999713897705,1.0499999523162842,0.9300000071525574,0.9660000205039978,1131300.0,,,,,
2025-02-04,1.0199999809265137,1.0499999523162842,0.9760000109672546,1.0399999618530271,921300.0,,,,,
2025-02-05,1.149999976158142,1.2000000476837158,1.0,1.0099999904632568,3078500.0,,,,,
2025-02-06,1.1100000143051147,1.190000057220459,1.0549999475479126,1.1799999475479126,1669700.0,,,,,
2025-02-07,1.059999942779541,1.090000033378601,1.0199999809265137,1.0800000429153442,693300.0,,,,,
2025-02-10,1.1699999570846558,1.2100000381469729,1.0499999523162842,1.0499999523162842,2230500.0,,,,,
2025-02-11,1.2400000095367432,1.2400000095367432,1.100000023841858,1.1799999475479126,1950600.0,,,,,
2025-02-12,1.2699999809265137,1.3700000047683716,1.225000023841858,1.2400000095367432,2952500.0,,,,,
2025-02-13,1.309999942779541,1.3899999856948853,1.2699999809265137,1.309999942779541,3122000.0,,,,,
2025-02-14,1.309999942779541,1.3700000047683716,1.2400000095367432,1.3300000429153442,2102900.0,,,,,
2025-02-18,1.3799999952316284,1.4299999475479126,1.2999999523162842,1.309999942779541,2189300.0,,,,,
2025-02-19,1.4199999570846558,1.5,1.399999976158142,1.399999976158142,2277900.0,,,,,
2025-02-20,1.5299999713897705,1.5499999523162842,1.3700000047683716,1.4500000476837158,2109400.0,,,,,
2025-02-21,1.399999976158142,1.5399999618530271,1.399999976158142,1.5299999713897705,1591700.0,,,,,
2025-02-24,1.2999999523162842,1.4559999704360962,1.25,1.409999966621399,2174200.0,,,,,
2025-02-25,1.2599999904632568,1.319000005722046,1.1699999570846558,1.2999999523162842,2043000.0,,,,,
2025-02-26,1.2999999523162842,1.340000033378601,1.2309999465942385,1.2799999713897705,1673000.0,,,,,
2025-02-27,1.190000057220459,1.3300000429153442,1.1710000038146973,1.3200000524520874,1992900.0,,,,,
2025-02-28,1.2300000190734863,1.2300000190734863,1.100000023841858,1.1399999856948853,1472000.0,,,,,
2025-03-03,1.1799999475479126,1.2999999523162842,1.1649999618530271,1.2999999523162842,1014800.0,,,,,
2025-03-04,1.1299999952316284,1.190000057220459,1.100000023841858,1.1610000133514404,1378600.0,,,,,
2025-03-05,1.1799999475479126,1.284999966621399,1.1299999952316284,1.149999976158142,1625200.0,,,,,
2025-03-06,1.2200000286102295,1.2799999713897705,1.149999976158142,1.2300000190734863,1447300.0,,,,,
2025-03-07,1.2100000381469729,1.2599999904632568,1.159999966621399,1.2300000190734863,1137600.0,,,,,
2025-03-10,1.149999976158142,1.2200000286102295,1.0950000286102295,1.190000057220459,1288000.0,,,,,
2025-03-11,1.2200000286102295,1.2400000095367432,1.1349999904632568,1.149999976158142,1087700.0,,,,,
2025-03-12,1.340000033378601,1.4049999713897705,1.25,1.2599999904632568,2009900.0,,,,,
2025-03-13,1.2999999523162842,1.399999976158142,1.2899999618530271,1.340000033378601,1411700.0,,,,,
2025-03-14,1.4500000476837158,1.4789999723434448,1.2999999523162842,1.340000033378601,2546600.0,,,,,
2025-03-17,1.3899999856948853,1.4500000476837158,1.2999999523162842,1.4500000476837158,1812200.0,,,,,
2025-03-18,1.4199999570846558,1.440000057220459,1.3300000429153442,1.3700000047683716,2647500.0,,,,,
2025-03-19,1.3600000143051147,1.4199999570846558,1.3200000524520874,1.4199999570846558,1107100.0,,,,,
2025-03-20,1.350000023841858,1.3700000047683716,1.3200000524520874,1.3600000143051147,1157200.0,,,,,
2025-03-21,1.3899999856948853,1.409999966621399,1.3049999475479126,1.340000033378601,1070400.0,,,,,
2025-03-24,1.2799999713897705,1.409999966621399,1.2699999809265137,1.409999966621399,1588400.0,,,,,
2025-03-25,1.2799999713897705,1.309999942779541,1.2400000095367432,1.309999942779541,1109100.0,,,,,
2025-03-26,1.1799999475479126,1.2999999523162842,1.159999966621399,1.2999999523162842,1544900.0,,,,,
2025-03-27,1.159999966621399,1.1799999475479126,1.1299999952316284,1.1699999570846558,1700600.0,,,,,
2025-03-28,1.1699999570846558,1.2200000286102295,1.1299999952316284,1.1399999856948853,1113700.0,,,,,
2025-03-31,1.100000023841858,1.1699999570846558,1.0700000524520874,1.1699999570846558,1495500.0,,,,,
2025-04-01,0.9940000176429749,1.149999976158142,0.9760000109672546,1.100000023841858,2372300.0,,,,,
2025-04-02,0.9789999723434448,1.0099999904632568,0.9539999961853028,0.977999985218048,1654100.0,,,,,
2025-04-03,0.9409999847412108,0.9739999771118164,0.915000021457672,0.9490000009536744,1272600.0,,,,,
2025-04-04,0.800000011920929,0.949999988079071,0.800000011920929,0.9300000071525574,2788600.0,,,,,
2025-04-07,0.8209999799728394,0.9089999794960022,0.7599999904632568,0.800000011920929,2315700.0,,,,,
2025-04-08,0.7879999876022339,0.959999978542328,0.7799999713897705,0.8600000143051147,1826100.0,,,,,
2025-04-09,0.8809999823570251,0.9010000228881836,0.7599999904632568,0.7979999780654907,1724500.0,,,,,
2025-04-10,0.7770000100135803,0.8999999761581421,0.7699999809265137,0.8510000109672546,1673100.0,,,,,
2025-04-11,0.824999988079071,0.8500000238418579,0.7850000262260437,0.7889999747276306,611000.0,,,,,
2025-04-14,0.8130000233650208,0.8730000257492065,0.8050000071525574,0.8629999756813049,804200.0,,,,,
2025-04-15,0.8299999833106995,0.8799999952316284,0.8100000023841858,0.8299999833106995,949800.0,,,,,
2025-04-16,0.8299999833106995,0.8700000047683716,0.8009999990463257,0.8299999833106995,980100.0,,,,,
2025-04-17,0.8429999947547913,0.8519999980926514,0.8109999895095825,0.8199999928474426,677500.0,,,,,
2025-04-21,0.8130000233650208,0.8519999980926514,0.800000011920929,0.8519999980926514,1601800.0,,,,,
2025-04-22,0.8270000219345093,0.8389999866485596,0.7919999957084656,0.8370000123977661,2364700.0,,,,,
2025-04-23,0.8949999809265137,0.9559999704360962,0.8399999737739563,0.8650000095367432,2338900.0,,,,,
2025-04-24,0.9789999723434448,1.0049999952316284,0.890999972820282,0.949999988079071,1543200.0,,,,,
2025-04-25,0.9580000042915344,1.0,0.8999999761581421,0.9900000095367432,2464600.0,,,,,
2025-04-28,0.8759999871253967,0.9710000157356262,0.871999979019165,0.949999988079071,1410700.0,,,,,
2025-04-29,0.8820000290870667,0.9200000166893004,0.8600000143051147,0.8759999871253967,588400.0,,,,,
2025-04-30,1.0199999809265137,1.0399999618530271,0.8450000286102295,0.8820000290870667,3278200.0,,,,,
2025-05-01,1.059999942779541,1.059999942779541,0.9169999957084656,1.0299999713897705,1787500.0,,,,,
2025-05-02,1.1799999475479126,1.2300000190734863,1.0399999618530271,1.059999942779541,2628000.0,,,,,
2025-05-05,1.25,1.2599999904632568,1.100000023841858,1.1799999475479126,2191700.0,,,,,
2025-05-06,1.090000033378601,1.2300000190734863,1.0700000524520874,1.2200000286102295,2005900.0,,,,,
2025-05-07,1.0950000286102295,1.1299999952316284,1.059999942779541,1.090000033378601,743300.0,,,,,
2025-05-08,1.1200000047683716,1.1399999856948853,1.065000057220459,1.100000023841858,958500.0,,,,,
2025-05-09,1.1100000143051147,1.159999966621399,1.100000023841858,1.1100000143051147,998300.0,,,,,
2025-05-12,1.100000023841858,1.1399999856948853,1.0700000524520874,1.1399999856948853,981400.0,,,,,
2025-05-13,1.090000033378601,1.1299999952316284,1.0800000429153442,1.090000033378601,773400.0,,,,,
2025-05-14,1.0099999904632568,1.100000023841858,1.0099999904632568,1.0800000429153442,1358700.0,,,,,
2025-05-15,1.0499999523162842,1.0700000524520874,0.9879999756813048,1.0,1740600.0,,,,,
2025-05-16,1.0399999618530271,1.11899995803833,1.0299999713897705,1.0499999523162842,2043700.0,,,,,
2025-05-19,1.090000033378601,1.1200000047683716,1.0299999713897705,1.0499999523162842,1657800.0,,,,,
2025-05-20,1.1799999475479126,1.2200000286102295,1.0820000171661377,1.090000033378601,2336000.0,,,,,
2025-05-21,1.149999976158142,1.2200000286102295,1.1100000143051147,1.159999966621399,2390800.0,,,,,
2025-05-22,1.159999966621399,1.2300000190734863,1.1100000143051147,1.1299999952316284,2424500.0,,,,,
2025-05-23,1.2000000476837158,1.2100000381469729,1.1200000047683716,1.1200000047683716,1930900.0,,,,,
2025-05-27,1.1200000047683716,1.2050000429153442,1.1200000047683716,1.2000000476837158,1187200.0,,,,,
2025-05-28,1.159999966621399,1.1699999570846558,1.1150000095367432,1.1399999856948853,840100.0,,,,,
2025-05-29,1.1299999952316284,1.2000000476837158,1.1299999952316284,1.1699999570846558,1001400.0,,,,,
2025-05-30,1.1100000143051147,1.149999976158142,1.090000033378601,1.1200000047683716,1078200.0,,,,,
2025-06-02,1.1549999713897705,1.1799999475479126,1.100000023841858,1.1200000047683716,1591100.0,,,,,
2025-06-03,1.2200000286102295,1.2389999628067017,1.159999966621399,1.1699999570846558,1436500.0,,,,,
2025-06-04,1.2599999904632568,1.2899999618530271,1.2100000381469729,1.2100000381469729,1430600.0,,,,,
2025-06-05,1.2599999904632568,1.274999976158142,1.2200000286102295,1.2599999904632568,716500.0,,,,,
2025-06-06,1.3300000429153442,1.3550000190734863,1.2599999904632568,1.2599999904632568,1428200.0,,,,,
2025-06-09,1.3300000429153442,1.3799999952316284,1.2899999618530271,1.340000033378601,981300.0,,,,,
2025-06-10,1.25,1.3450000286102295,1.2400000095367432,1.3200000524520874,1491500.0,,,,,
2025-06-11,1.2899999618530271,1.3700000047683716,1.25,1.25,1670900.0,,,,,
2025-06-12,1.2699999809265137,1.309999942779541,1.25,1.2799999713897705,1038500.0,,,,,
2025-06-13,1.2400000095367432,1.2899999618530271,1.2000000476837158,1.2699999809265137,1126100.0,,,,,
2025-06-16,1.2799999713897705,1.3600000143051147,1.2300000190734863,1.2799999713897705,1607000.0,,,,,
2025-06-17,1.2400000095367432,1.2999999523162842,1.2200000286102295,1.2799999713897705,916700.0,,,,,
2025-06-18,1.2899999618530271,1.309999942779541,1.25,1.2699999809265137,693200.0,,,,,
2025-06-20,1.440000057220459,1.440000057220459,1.2699999809265137,1.3200000524520874,2264800.0,,,,,
2025-06-23,1.3700000047683716,1.4179999828338623,1.25,1.409999966621399,2211700.0,,,,,
2025-06-24,1.3799999952316284,1.4049999713897705,1.350000023841858,1.3799999952316284,1087200.0,,,,,
2025-06-25,1.3600000143051147,1.3849999904632568,1.3300000429153442,1.3700000047683716,1304700.0,,,,,
2025-06-26,1.2999999523162842,1.3700000047683716,1.2899999618530271,1.3600000143051147,1256000.0,,,,,
2025-06-27,1.25,1.3300000429153442,1.2000000476837158,1.2999999523162842,26071300.0,,,,,
2025-06-30,1.2300000190734863,1.3049999475479126,1.2200000286102295,1.2599999904632568,2018500.0,,,,,
2025-07-01,1.25,1.3300000429153442,1.1950000524520874,1.2300000190734863,2391500.0,,,,,
2025-07-02,1.2100000381469729,1.2799999713897705,1.2000000476837158,1.25,1177900.0,,,,,
2025-07-03,1.2400000095367432,1.25,1.2000000476837158,1.2300000190734863,433000.0,,,,,
2025-07-07,1.25,1.2549999952316284,1.2000000476837158,1.2400000095367432,1294000.0,,,,,
2025-07-08,1.2699999809265137,1.274999976158142,1.215000033378601,1.2599999904632568,1008300.0,,,,,
2025-07-09,1.3600000143051147,1.3849999904632568,1.2649999856948853,1.2699999809265137,1566900.0,,,,,
2025-07-10,1.3600000143051147,1.3799999952316284,1.2999999523162842,1.350000023841858,1045000.0,,,,,
2025-07-11,1.3600000143051147,1.399999976158142,1.340000033378601,1.340000033378601,696000.0,,,,,
2025-07-14,1.5299999713897705,1.5399999618530271,1.3849999904632568,1.409999966621399,3975300.0,,,,,
2025-07-15,1.4500000476837158,1.5399999618530271,1.4199999570846558,1.5399999618530271,2056700.0,,,,,
2025-07-16,1.659999966621399,1.7000000476837158,1.4700000286102295,1.4700000286102295,4194000.0,,,,,
2025-07-17,1.7100000381469729,1.7999999523162842,1.6349999904632568,1.7000000476837158,6208700.0,,,,,
2025-07-18,1.7000000476837158,1.899999976158142,1.6710000038146973,1.7799999713897705,3184800.0,,,,,
2025-07-21,1.75,1.7999999523162842,1.7100000381469729,1.7200000286102295,2411800.0,,,,,
2025-07-22,1.7200000286102295,1.7549999952316284,1.6699999570846558,1.75,2415400.0,,,,,
2025-07-23,1.870000004768372,1.934999942779541,1.725000023841858,1.725000023841858,5333200.0,,,,,
2025-07-24,1.7799999713897705,1.909999966621399,1.7699999809265137,1.870000004768372,3386400.0,,,,,
2025-07-25,1.840000033378601,1.919999957084656,1.7200000286102295,1.7899999618530271,2094300.0,,,,,
2025-07-28,1.9800000190734863,2.0299999713897705,1.840000033378601,1.870000004768372,3564900.0,,,,,
2025-07-29,1.9600000381469729,2.180000066757202,1.899999976158142,2.039999961853028,4161000.0,,,,,
2025-07-30,2.0799999237060547,2.1700000762939453,2.0299999713897705,2.055000066757202,3907000.0,,,,,
2025-07-31,2.039999961853028,2.180000066757202,2.003000020980835,2.1700000762939453,2993700.0,,,,,
2025-08-01,2.0,2.0350000858306885,1.909999966621399,2.0,2686100.0,,,,,
2025-08-04,2.1700000762939453,2.180000066757202,2.0299999713897705,2.0850000381469727,5912500.0,,,,,
2025-08-05,2.1600000858306885,2.2300000190734863,2.061000108718872,2.174999952316284,3076000.0,,,,,
2025-08-06,1.9800000190734863,2.2100000381469727,1.919999957084656,2.180000066757202,3966400.0,,,,,
2025-08-07,1.7400000095367432,2.0199999809265137,1.715000033378601,2.0,3782300.0,,,,,
2025-08-08,1.7599999904632568,1.7899999618530271,1.6649999618530271,1.75,3070000.0,,,,,
2025-08-11,1.7350000143051147,1.7949999570846558,1.6799999475479126,1.7300000190734863,2488000.0,,,,,
2025-08-12,1.9299999475479128,1.950000047683716,1.7450000047683716,1.7699999809265137,2208300.0,,,,,
2025-08-13,1.9700000286102293,2.0,1.8450000286102293,1.950000047683716,2942700.0,,,,,
2025-08-14,1.9600000381469729,1.9800000190734863,1.8600000143051147,1.950000047683716,1413100.0,,,,,
2025-08-15,1.9600000381469729,1.9800000190734863,1.909999966621399,1.9600000381469729,1731000.0,,,,,
2025-08-18,1.9900000095367432,2.0299999713897705,1.919999957084656,1.934999942779541,1533300.0,,,,,
2025-08-19,1.919999957084656,2.0,1.909999966621399,1.9700000286102293,1185400.0,,,,,
2025-08-20,1.950000047683716,1.975000023841858,1.8799999952316284,1.899999976158142,1112100.0,,,,,
2025-08-21,2.1700000762939453,2.180000066757202,1.9900000095367432,2.009999990463257,4527900.0,,,,,
2025-08-22,2.3399999141693115,2.3499999046325684,2.1449999809265137,2.1700000762939453,4899200.0,,,,,
2025-08-25,2.359999895095825,2.440000057220459,2.2699999809265137,2.3399999141693115,3156200.0,,,,,
2025-08-26,2.5299999713897705,2.569999933242798,2.375,2.380000114440918,3556200.0,,,,,
2025-08-27,2.4600000381469727,2.6449999809265137,2.450000047683716,2.5299999713897705,4258700.0,,,,,
2025-08-28,2.400000095367432,2.5850000381469727,2.380000114440918,2.470000028610229,4268400.0,,,,,
2025-08-29,2.470000028610229,2.5,2.375,2.4100000858306885,2537700.0,,,,,
2025-09-02,2.5899999141693115,2.680000066757202,2.4200000762939453,2.4200000762939453,7656400.0,,,,,
2025-09-03,2.5799999237060547,2.7049999237060547,2.549999952316284,2.569999933242798,3305000.0,,,,,
2025-09-04,2.509999990463257,2.6700000762939453,2.4100000858306885,2.559999942779541,3365600.0,,,,,
2025-09-05,2.940000057220459,2.9800000190734863,2.509999990463257,2.509999990463257,7657000.0,,,,,
2025-09-08,2.6600000858306885,3.0,2.63100004196167,2.970000028610229,5557400.0,,,,,
2025-09-09,2.7699999809265137,2.815000057220459,2.609999895095825,2.625,2715100.0,,,,,
2025-09-10,3.109999895095825,3.400000095367432,2.940000057220459,2.990000009536743,11229900.0,,,,,
2025-09-11,3.4600000381469727,3.5,3.140000104904175,3.180000066757202,7309700.0,,,,,
2025-09-12,3.4600000381469727,3.5999999046325684,3.358999967575073,3.4800000190734863,4242200.0,,,,,
2025-09-15,3.180000066757202,3.549999952316284,3.164999961853028,3.490000009536743,4135200.0,,,,,
2025-09-16,3.200000047683716,3.289999961853028,3.059999942779541,3.200000047683716,3468100.0,,,,,
2025-09-17,2.990000009536743,3.368000030517578,2.930000066757202,3.368000030517578,4804900.0,,,,,
2025-09-18,3.0799999237060547,3.150000095367432,3.015000104904175,3.039999961853028,3632300.0,,,,,
2025-09-19,3.049999952316284,3.180000066757202,2.940000057220459,3.130000114440918,5112800.0,,,,,
2025-09-22,3.1600000858306885,3.2100000381469727,3.005000114440918,3.039999961853028,4354200.0,,,,,
2025-09-23,3.0799999237060547,3.1700000762939453,2.9800000190734863,3.1700000762939453,2711500.0,,,,,
2025-09-24,2.990000009536743,3.174999952316284,2.9749999046325684,3.0899999141693115,3112300.0,,,,,
2025-09-25,2.7799999713897705,2.875,2.7309999465942383,2.8399999141693115,8591900.0,,,,,
2025-09-26,2.700000047683716,2.8299999237060547,2.625,2.7799999713897705,3931500.0,,,,,
2025-09-29,2.819999933242798,2.825000047683716,2.640000104904175,2.7300000190734863,2766600.0,,,,,
2025-09-30,2.630000114440918,2.8399999141693115,2.569999933242798,2.8399999141693115,4702200.0,,,,,
2025-10-01,2.490000009536743,2.700000047683716,2.4600000381469727,2.5899999141693115,4410100.0,,,,,
2025-10-02,2.4800000190734863,2.549999952316284,2.380000114440918,2.5,4192500.0,,,,,
2025-10-03,2.569999933242798,2.634999990463257,2.509999990463257,2.509999990463257,2797500.0,,,,,
2025-10-06,2.4100000858306885,2.58899998664856,2.319999933242798,2.569999933242798,4064400.0,,,,,
2025-10-07,2.5,2.5450000762939453,2.400000095367432,2.400000095367432,2640700.0,,,,,
2025-10-08,2.4200000762939453,2.549999952316284,2.4140000343322754,2.5299999713897705,2808500.0,,,,,
2025-10-09,2.559999942779541,2.609999895095825,2.450000047683716,2.450000047683716,3038400.0,,,,,
2025-10-10,2.2799999713897705,2.575000047683716,2.2100000381469727,2.549999952316284,4325600.0,,,,,
2025-10-13,2.440000057220459,2.440000057220459,2.289999961853028,2.3499999046325684,3016800.0,,,,,
2025-10-14,2.380000114440918,2.4200000762939453,2.309999942779541,2.400000095367432,2259600.0,,,,,
2025-10-15,2.4100000858306885,2.450000047683716,2.359999895095825,2.390000104904175,2380800.0,,,,,
2025-10-16,2.309999942779541,2.450000047683716,2.2300000190734863,2.440000057220459,2828100.0,,,,,
2025-10-17,2.190000057220459,2.299999952316284,2.180000066757202,2.289999961853028,2998200.0,,,,,
2025-10-20,,,,,,2.2699999809265137,2.309999942779541,2.184999942779541,2.2300000190734863,2302400.0
2025-10-21,,,,,,2.180000066757202,2.2750000953674316,2.1500000953674316,2.2699999809265137,4084400.0
2025-10-22,,,,,,2.2100000381469727,2.2200000286102295,2.119999885559082,2.1500000953674316,2574000.0
2025-10-23,,,,,,2.0899999141693115,2.240000009536743,2.0799999237060547,2.2300000190734863,2981800.0
2025-10-24,,,,,,2.4800000190734863,2.484999895095825,2.130000114440918,2.1500000953674316,7741800.0
2025-10-27,,,,,,2.390000104904175,2.5299999713897705,2.3399999141693115,2.4800000190734863,3831100.0
2025-10-28,,,,,,2.380000114440918,2.4000000953674316,2.2809998989105225,2.369999885559082,1558700.0
2025-10-29,,,,,,2.390000104904175,2.4649999141693115,2.3299999237060547,2.380000114440918,2353200.0
2025-10-30,,,,,,2.4200000762939453,2.490000009536743,2.359999895095825,2.4000000953674316,2166400.0
2025-10-31,,,,,,2.450000047683716,2.5199999809265137,2.380000114440918,2.430000066757202,2163300.0
2025-11-03,,,,,,2.390000104904175,2.490000009536743,2.3499999046325684,2.490000009536743,2493800.0
2025-11-04,,,,,,2.299999952316284,2.369999885559082,2.2799999713897705,2.3499999046325684,1937200.0
2025-11-05,,,,,,2.369999885559082,2.375,2.200000047683716,2.2899999618530273,2292300.0
2025-11-06,,,,,,2.309999942779541,2.4100000858306885,2.2799999713897705,2.2820000648498535,2346800.0
2025-11-07,,,,,,2.359999895095825,2.4100000858306885,2.2049999237060547,2.299999952316284,2091500.0
2025-11-10,,,,,,2.4800000190734863,2.619999885559082,2.440000057220459,2.450000047683716,4072700.0
2025-11-11,,,,,,2.5899999141693115,2.5950000286102295,2.4600000381469727,2.490000009536743,2299900.0
2025-11-12,,,,,,2.700000047683716,2.7100000381469727,2.5350000858306885,2.630000114440918,3419300.0
2025-11-13,,,,,,2.509999990463257,2.6619999408721924,2.5,2.6500000953674316,2324400.0
2025-11-14,,,,,,2.7100000381469727,2.7699999809265137,2.4200000762939453,2.4200000762939453,2785200.0
2025-11-17,,,,,,2.990000009536743,3.059999942779541,2.6540000438690186,2.7100000381469727,6266500.0
2025-11-18,,,,,,3.049999952316284,3.0999999046325684,2.9210000038146973,2.9800000190734863,2897700.0
2025-11-19,,,,,,3.140000104904175,3.194999933242798,3.0199999809265137,3.059999942779541,3058700.0
2025-11-20,,,,,,3.109999895095825,3.2750000953674316,3.049999952316284,3.2200000286102295,2952000.0
2025-11-21,,,,,,3.059999942779541,3.1700000762939453,2.930000066757202,3.109999895095825,2742500.0
2025-11-24,,,,,,3.180000066757202,3.2300000190734863,2.994999885559082,3.0799999237060547,2735000.0
2025-11-25,,,,,,3.2699999809265137,3.3350000381469727,3.190000057220459,3.240000009536743,2389600.0
2025-11-26,,,,,,3.3399999141693115,3.369999885559082,3.2200000286102295,3.309999942779541,1718500.0
2025-11-28,,,,,,3.3399999141693115,3.4000000953674316,3.25,3.325000047683716,1137300.0
2025-12-01,,,,,,3.140000104904175,3.305000066757202,3.1050000190734863,3.2699999809265137,3601200.0
2025-12-02,,,,,,2.990000009536743,3.1500000953674316,2.9749999046325684,3.140000104904175,3665600.0
2025-12-03,,,,,,3.4200000762939453,3.450000047683716,3.009999990463257,3.0399999618530273,4711500.0
2025-12-04,,,,,,3.319999933242798,3.430000066757202,3.299999952316284,3.4100000858306885,2191700.0
2025-12-05,,,,,,3.3299999237060547,3.4000000953674316,3.244999885559082,3.3499999046325684,2223500.0
2025-12-08,,,,,,3.4100000858306885,3.4600000381469727,3.3499999046325684,3.3499999046325684,1842100.0
2025-12-09,,,,,,3.450000047683716,3.5399999618530273,3.430000066757202,3.450000047683716,1647500.0
2025-12-10,,,,,,3.490000009536743,3.5280001163482666,3.3399999141693115,3.484999895095825,3054000.0
2025-12-11,,,,,,3.619999885559082,3.799999952316284,3.4700000286102295,3.5,4286600.0
2025-12-12,,,,,,3.5999999046325684,3.7899999618530273,3.559999942779541,3.7200000286102295,3479500.0
2025-12-15,,,,,,3.7899999618530273,3.869999885559082,3.5250000953674316,3.700000047683716,8630500.0
2025-12-16,,,,,,3.559999942779541,3.865000009536743,3.5350000858306885,3.799999952316284,4856700.0
2025-12-17,,,,,,3.569999933242798,3.819999933242798,3.494999885559082,3.640000104904175,3704600.0
2025-12-18,,,,,,3.430000066757202,3.609999895095825,3.4000000953674316,3.569999933242798,4536800.0
2025-12-19,,,,,,3.440000057220459,3.5999999046325684,3.369999885559082,3.4100000858306885,15018800.0
2025-12-22,,,,,,3.7699999809265137,3.7699999809265137,3.430000066757202,3.4800000190734863,4260800.0
2025-12-23,,,,,,3.450000047683716,3.7699999809265137,3.450000047683716,3.75,638455.0
