Date,Close,High,Low,Open,Volume,"('Close', 'RPRX')","('High', 'RPRX')","('Low', 'RPRX')","('Open', 'RPRX')","('Volume', 'RPRX')"
2024-06-03,25.90992546081543,26.518093538424964,25.82304404383491,26.160916016397596,3552900.0,,,,,
2024-06-04,26.08368492126465,26.102992309486357,25.552742792691078,25.82304070403329,2156200.0,,,,,
2024-06-05,26.064380645751957,26.315371198846726,26.006460315423656,26.21883608746349,2203600.0,,,,,
2024-06-06,26.151262283325195,26.382945447854432,25.948538363578287,25.948538363578287,1702100.0,,,,,
2024-06-07,26.50843811035156,26.73046940659664,26.083686589826204,26.20918093878733,2437000.0,,,,,
2024-06-10,26.44086456298828,26.479479342594804,25.76029472308263,26.45051825788991,3232100.0,,,,,
2024-06-11,26.469825744628903,26.60497379123859,26.15608710356609,26.402251721324063,2158200.0,,,,,
2024-06-12,26.257448196411133,26.740121862953583,26.15608532708424,26.653240455675636,2092300.0,,,,,
2024-06-13,26.257448196411133,26.397422160355468,26.006457668858584,26.228487113567176,2126100.0,,,,,
2024-06-14,25.98715209960937,26.25745003464763,25.779602261165618,26.209181559861847,1907900.0,,,,,
2024-06-17,25.687894821166992,26.093340801522363,25.538265311793374,26.064379716763398,1804400.0,,,,,
2024-06-18,25.35002326965332,26.11264676796949,25.23418077001774,25.697548927305995,2870000.0,,,,,
2024-06-20,25.70720100402832,25.75546947981753,25.24383468397637,25.388636428835845,1606200.0,,,,,
2024-06-21,25.977495193481445,26.006456274772933,25.543088180378216,25.65893066429035,3207100.0,,,,,
2024-06-24,26.170568466186523,26.41190531492301,26.0257648839414,26.0257648839414,2947700.0,,,,,
2024-06-25,25.96784400939941,26.180221610221416,25.81338857675832,26.08368650450723,2658200.0,,,,,
2024-06-26,25.658933639526367,26.112646251512874,25.639626249759957,25.87130940319481,2437200.0,,,,,
2024-06-27,25.74581527709961,25.84235038552083,25.456211793089984,25.59135984012727,2173300.0,,,,,
2024-06-28,25.456212997436523,25.94853857529425,25.23418168518708,25.842351608135782,5222600.0,,,,,
2024-07-01,25.282447814941406,25.82786774636553,25.224525647773746,25.581704980291825,2659000.0,,,,,
2024-07-02,24.98318862915039,25.31623464358689,24.934921998110816,25.205219919192707,2021700.0,,,,,
2024-07-03,25.021804809570312,25.44655818329293,24.96871040769823,25.118339918314643,1570000.0,,,,,
2024-07-05,24.780466079711918,24.9638825882958,24.548782941042017,24.944575199759832,5298000.0,,,,,
2024-07-08,24.81908416748047,24.88183227262068,24.54878803688442,24.867352648839976,2235400.0,,,,,
2024-07-09,24.741853713989254,24.790122190033443,24.326755867533816,24.732201860034515,1854000.0,,,,,
2024-07-10,24.8383903503418,24.857697741945287,24.57774608745728,24.73220337903101,2247700.0,,,,,
2024-07-11,25.803733825683597,25.90702632933146,25.041110388395943,25.06041593574524,2912100.0,,,,,
2024-07-12,25.84235000610352,26.102994242637827,25.774775983576998,26.06437946333466,1959700.0,,,,,
2024-07-15,25.72650909423828,25.94081634531204,25.65410914046593,25.890618233878055,1857600.0,,,,,
2024-07-16,26.730472564697266,26.759431811049872,25.658936259549648,25.697551043025413,2869500.0,,,,,
2024-07-17,27.12626266479492,27.15039598186132,26.6146278732186,26.71116298273826,2154800.0,,,,,
2024-07-18,27.348291397094727,27.734429983602052,26.913884336490216,27.029726833069425,2740100.0,,,,,
2024-07-19,27.164875030517575,27.49309329120469,27.077993617908984,27.25175644312617,2514200.0,,,,,
2024-07-22,27.483442306518555,27.517229321281015,27.068344433543388,27.29037391376936,1226600.0,,,,,
2024-07-23,27.502748489379883,27.82131307260613,27.44482815822624,27.637896542489766,1117200.0,,,,,
2024-07-24,27.67650985717773,27.7440838801511,27.386906375505006,27.4737859470036,1438600.0,,,,,
2024-07-25,27.6861629486084,28.178490329724287,27.502746432211342,27.63789447521233,2179900.0,,,,,
2024-07-26,27.7923526763916,28.06264877141468,27.69581756763162,27.7923526763916,2495100.0,,,,,
2024-07-29,27.70547103881836,27.879232023677755,27.62341555259633,27.792352451875075,2391700.0,,,,,
2024-07-30,27.55101585388184,27.8985396680249,27.4303474281194,27.888885973013416,4017900.0,,,,,
2024-07-31,27.193836212158203,27.57997480221067,27.02972708122915,27.551015558740502,3814700.0,,,,,
2024-08-01,27.502748489379883,27.6282446883426,27.12626357499999,27.348293045467404,3952600.0,,,,,
2024-08-02,27.54136085510254,27.57997379206653,26.942844681501946,27.464133139920587,3284800.0,,,,,
2024-08-05,26.50843811035156,26.99111179924729,26.469825172691987,26.614626911109905,2507400.0,,,,,
2024-08-06,26.160913467407227,26.81734995785385,26.102993142148392,26.344329978856475,3574600.0,,,,,
2024-08-07,26.30571746826172,26.614628351270007,26.18022311250989,26.37329149376302,4361600.0,,,,,
2024-08-08,25.24383354187012,26.672547218018067,24.819080180412566,26.672547218018067,5105400.0,,,,,
2024-08-09,25.35002326965332,25.823043280761645,25.03145869722306,25.40794359884408,5601800.0,,,,,
2024-08-12,25.52378463745117,25.77477517124938,25.342299599455693,25.46586247032192,4200900.0,,,,,
2024-08-13,25.92923355102539,26.16960375931877,25.49482645440381,25.59136156934796,4491100.0,,,,,
2024-08-14,25.72650909423828,26.054727373517835,25.58170734543945,25.880964538457587,1618600.0,,,,,
2024-08-15,26.46017265319824,26.53740037320149,25.736162087697554,25.736162087697554,2920200.0,,,,,
2024-08-16,26.43099021911621,27.238414577001397,26.23642937280688,26.460174902703532,1961700.0,,,,,
2024-08-19,26.74228286743164,26.82983505217724,26.533130632258214,26.547723900028824,1319300.0,,,,,
2024-08-20,26.518539428710938,26.800650583080127,26.48935474840949,26.800650583080127,2125300.0,,,,,
2024-08-21,26.849292755126957,26.94657317109056,26.55745150723613,26.64500369605642,3934000.0,,,,,
2024-08-22,26.97575569152832,27.21895580094809,26.897931730732772,26.94657286589848,4108800.0,,,,,
2024-08-23,27.423246383666992,27.64212686541827,27.06330938529048,27.06330938529048,2846600.0,,,,,
2024-08-26,27.63726234436035,27.890190699650564,27.44270150014643,27.530253694495723,1566800.0,,,,,
2024-08-27,27.74427032470703,27.78318137932899,27.452429065428788,27.646989904947617,1367400.0,,,,,
2024-08-28,28.02638053894043,28.09934131512291,27.6576894491856,27.73454114514974,1269500.0,,,,,
2024-08-29,28.33767890930176,28.41550287827063,27.8415522667938,28.065295945645587,1262500.0,,,,,
2024-08-30,28.24039649963379,28.57114878664407,28.070155315027883,28.357131509478872,2939900.0,,,,,
2024-09-03,28.0944766998291,28.49332659874679,28.04097423268285,28.211213572397387,1851400.0,,,,,
2024-09-04,28.47386932373047,28.54196505765442,28.065293064717167,28.11393234452868,1914300.0,,,,,
2024-09-05,28.27931022644043,28.56142326194933,28.254990585044418,28.55169503429698,2044100.0,,,,,
2024-09-06,27.919374465942383,28.3279507409966,27.82695723301474,28.240398549522865,2735600.0,,,,,
2024-09-09,27.345420837402344,27.99719720344777,27.287051475330514,27.99719720344777,3618000.0,,,,,
2024-09-10,27.29677963256836,27.4913404613713,27.04385129731237,27.36487536600852,2578500.0,,,,,
2024-09-11,27.024398803710938,27.277327158667266,26.873614056870707,27.277327158667266,2600500.0,,,,,
2024-09-12,26.8006534576416,27.403790593608875,26.732557718437334,27.09249472554953,2144500.0,,,,,
2024-09-13,26.966028213500977,27.0535804037615,26.82983674219333,26.82983674219333,1999700.0,,,,,
2024-09-16,27.491342544555664,27.588622966328657,27.10222271293341,27.10222271293341,1563200.0,,,,,
2024-09-17,27.471885681152344,27.705357576658663,27.40378994356338,27.49134213631196,1564400.0,,,,,
2024-09-18,27.442699432373047,27.68589954158076,27.36974051289248,27.403788379743997,1214000.0,,,,,
2024-09-19,27.228683471679688,27.608075040873025,27.214092059162883,27.569163989005023,1782000.0,,,,,
2024-09-20,26.790925979614254,27.40378946262892,26.7714695247961,27.40378946262892,5797100.0,,,,,
2024-09-23,26.956298828125,27.077898880988364,26.703372350982416,26.7909245374816,2088900.0,,,,,
2024-09-24,26.956298828125,27.214092201914628,26.902796363459547,26.956298828125,1493900.0,,,,,
2024-09-25,26.897932052612305,27.11194933896332,26.82983631803502,26.96602778718959,1689000.0,,,,,
2024-09-26,27.423246383666992,27.4524292109207,26.81038103476341,26.868750400210207,2000000.0,,,,,
2024-09-27,27.442699432373047,27.719949263901857,27.41837979254619,27.491340567496337,1609900.0,,,,,
2024-09-30,27.52052497863769,27.58862071167281,27.296779470204303,27.481612070920736,1238600.0,,,,,
2024-10-01,27.60807609558105,27.768589061276167,27.428108530943494,27.549708587814475,1674600.0,,,,,
2024-10-02,27.471885681152344,27.53998141874131,27.287053068075377,27.462157453572537,1391200.0,,,,,
2024-10-03,26.995214462280277,27.39406252751963,26.941710136741136,27.355151471517363,1329400.0,,,,,
2024-10-04,26.995214462280277,27.17031885296482,26.868751210935734,26.878477583334,1556600.0,,,,,
2024-10-07,26.82010841369629,27.111949665286787,26.78119736009933,26.97575633902337,1443500.0,,,,,
2024-10-08,26.615819931030277,26.927115766754916,26.57204383816465,26.849291807823757,1585600.0,,,,,
2024-10-09,26.829835891723636,26.98548381270415,26.5341037285789,26.61582046424281,2266500.0,,,,,
2024-10-10,26.74228286743164,27.04385047296119,26.547723900028824,26.87847433016056,2831300.0,,,,,
2024-10-11,27.257871627807617,27.32110232708929,26.752014900735507,26.752014900735507,2720900.0,,,,,
2024-10-14,27.111949920654297,27.28705244669433,26.951436952447207,27.180045656692585,1314800.0,,,,,
2024-10-15,27.082765579223636,27.60807687489034,26.96602870492566,26.99521338736757,1817100.0,,,,,
2024-10-16,27.45242691040039,27.578892002800963,27.02439606581108,27.043850663860024,2177700.0,,,,,
2024-10-17,27.287050247192383,27.43297179033472,27.043850149247817,27.374602430889983,1851800.0,,,,,
2024-10-18,27.218957901000977,27.50107094031948,27.053581739617307,27.355151234503232,1177600.0,,,,,
2024-10-21,26.995214462280277,27.23841459257109,26.888205811202,27.18977530870082,1692700.0,,,,,
2024-10-22,26.62554931640625,26.94170835155341,26.578854567921784,26.849292976135555,2383200.0,,,,,
2024-10-23,26.615819931030277,26.74228316849233,26.450443786367867,26.528267745299026,1448800.0,,,,,
2024-10-24,26.53799819946289,26.7033743580055,26.445580964840147,26.499085288996536,1591000.0,,,,,
2024-10-25,26.21697425842285,26.63527691548622,26.207246030751183,26.60609408794093,1628300.0,,,,,
2024-10-28,26.518539428710938,26.53313084112689,26.28506755270796,26.36289151137562,1985400.0,,,,,
2024-10-29,26.41153335571289,26.5866377435945,26.34343761719665,26.39207690028833,1832200.0,,,,,
2024-10-30,26.4504451751709,26.625549555827394,26.207245058807903,26.33370830291002,2517600.0,,,,,
2024-10-31,26.265613555908203,26.518541909102943,26.22670064519992,26.34343752185507,1900300.0,,,,,
2024-11-01,26.36289405822754,26.528270218306574,26.2558854089206,26.265613636627567,1810300.0,,,,,
2024-11-04,26.46017265319824,26.842482883888422,26.42125974505665,26.77146849645264,1603000.0,,,,,
2024-11-05,26.790925979614254,26.815245620402123,26.22086447063595,26.382349705781262,1820400.0,,,,,
2024-11-06,25.9154052734375,27.58862335626708,25.83271811981707,27.36487782638585,4599500.0,,,,,
2024-11-07,25.798667907714844,26.29479635080201,25.579787439372044,26.27533989684496,2582900.0,,,,,
2024-11-08,25.49709892272949,26.071051337091493,25.3706356805426,25.88622058739293,5979300.0,,,,,
2024-11-11,25.64302062988281,25.876492516811883,25.409548742953746,25.57978808067193,2784600.0,,,,,
2024-11-12,25.292814254760746,25.69166233110977,25.12257490100316,25.536014391825752,3148200.0,,,,,
2024-11-13,25.146892547607425,25.487373083567103,25.093388224824803,25.292812247170243,2529000.0,,,,,
2024-11-14,24.88423538208008,25.253898735860847,24.675083137352274,25.195531228520643,3030400.0,,,,,
2024-11-15,25.207918167114254,25.384470102831767,24.619406102237715,24.746916145393964,3846500.0,,,,,
2024-11-18,25.306001663208008,25.44332232830206,25.02155532211055,25.26676852377275,4724500.0,,,,,
2024-11-19,25.511981964111328,25.53159946942662,24.98232054556818,25.13925684643394,7299100.0,,,,,
2024-11-20,25.717958450317383,25.786619714363265,25.306000220182867,25.590448415888485,2006900.0,,,,,
2024-11-21,25.894515991210938,26.15444327992066,25.727770924631056,25.75719718490813,4329500.0,,,,,
2024-11-22,25.923938751220703,26.1201081807623,25.82585310103581,25.87489499071417,2461700.0,,,,,
2024-11-25,25.963172912597656,26.316280518855987,25.899418827667425,25.95336416010956,6833900.0,,,,,
2024-11-26,25.786623001098636,26.1103043752584,25.516886963608503,26.08087811548809,1991700.0,,,,,
2024-11-27,26.09068489074707,26.13482334164209,25.722865090231355,25.840566378732564,1811500.0,,,,,
2024-11-29,26.1495361328125,26.1495361328125,25.953364819721404,26.09068548721649,1411400.0,,,,,
2024-12-02,25.923938751220703,26.090683795286555,25.786619963458765,26.01221564930428,2113600.0,,,,,
2024-12-03,25.835662841796875,25.963172882336963,25.64439684557262,25.816045336843555,3191200.0,,,,,
2024-12-04,25.60025787353516,25.85037450869792,25.44332157876083,25.73757666375564,2973100.0,,,,,
2024-12-05,25.88470458984375,26.031834005349697,25.6002582529106,25.6002582529106,2390500.0,,,,,
2024-12-06,25.413896560668945,26.08087678138425,25.37466342047714,25.91413172620543,4327500.0,,,,,
2024-12-09,25.511981964111328,25.71796015743704,25.12944996460457,25.31581065261499,2588800.0,,,,,
2024-12-10,25.10002326965332,25.551214659080305,24.967607917322816,25.551214659080305,3130300.0,,,,,
2024-12-11,24.717493057250977,25.0117481697401,24.540939241426155,24.94308876821453,2851400.0,,,,,
2024-12-12,24.727298736572266,24.93327880195592,24.619406198350628,24.629214951066828,2890900.0,,,,,
2024-12-13,24.364381790161133,24.688063113933616,24.251583951510064,24.688063113933616,2540700.0,,,,,
2024-12-16,24.521318435668945,24.795957875646565,24.22706336277217,24.276105251312256,4385600.0,,,,,
2024-12-17,24.63902282714844,24.78615037100021,24.32514836388223,24.58017031294515,3046000.0,,,,,
2024-12-18,24.001466751098636,24.786150094260755,23.99165799884093,24.60959629527857,3737500.0,,,,,
2024-12-19,23.81510734558105,24.00637334777473,23.589509773233463,23.77587233444989,4359300.0,,,,,
2024-12-20,24.442852020263672,24.52132016997446,23.849436521149077,23.873957467153392,7574600.0,,,,,
2024-12-23,24.76653480529785,24.776343558433016,23.991660145075077,24.24668211410428,5439300.0,,,,,
2024-12-24,24.746915817260746,24.86461897700667,24.536032314552635,24.746915817260746,1350200.0,,,,,
2024-12-26,24.91366004943848,24.972510691961556,24.67825560851798,24.707681865193614,1740100.0,,,,,
2024-12-27,25.05098342895508,25.188302233357103,24.786152702612544,24.786152702612544,2036100.0,,,,,
2024-12-30,24.835193634033203,25.011747444740376,24.69787483496244,24.923470539386788,1914500.0,,,,,
2024-12-31,25.02155494689941,25.10002309542152,24.79595925375189,24.815574887761244,2179300.0,,,,,
2025-01-02,25.29619598388672,25.394279772551258,25.060789652772453,25.060789652772453,1521300.0,,,,,
2025-01-03,25.345237731933597,25.458035584909457,25.22753456705581,25.315811473007063,2082900.0,,,,,
2025-01-06,25.256959915161133,25.595353461885505,24.91366105671173,25.237342409917563,2232300.0,,,,,
2025-01-07,25.541406631469727,25.56102226473516,25.060787135317543,25.13925528086375,2727300.0,,,,,
2025-01-08,25.69834327697754,25.865088322416387,25.271670975784257,25.482554470628333,2225800.0,,,,,
2025-01-10,28.92534828186035,29.31278557928273,26.9430449016244,27.022493363239104,8066200.0,,,,,
2025-01-13,29.415775299072266,30.19064991042833,29.19998835619212,29.258839000463382,7816900.0,,,,,
2025-01-14,29.45501136779785,29.621756424916395,29.101903747822504,29.3274994513275,5887900.0,,,,,
2025-01-15,30.15141487121582,30.229883020444408,29.43539277565142,29.65117971832297,4510600.0,,,,,
2025-01-16,30.35739517211914,30.49471396664732,29.535439291313494,30.05332945448065,4829600.0,,,,,
2025-01-17,30.16122436523437,30.484905722613515,29.93464647965483,30.131798106989617,2887000.0,,,,,
2025-01-21,29.719839096069336,30.210265496141957,29.67570064522967,30.20045861446936,2794600.0,,,,,
2025-01-22,29.504053115844727,29.631563160858068,29.15585080943492,29.513861868665494,3541300.0,,,,,
2025-01-23,30.033714294433597,30.058235240868253,29.46481973133936,29.55309476433847,5348000.0,,,,,
2025-01-24,30.465288162231445,30.50452317315377,30.02390551432505,30.02390551432505,5780100.0,,,,,
2025-01-27,31.11264991760254,31.151884927316488,30.357394688891407,30.514330986090727,3704100.0,,,,,
2025-01-28,31.32843971252441,31.50499164929304,30.99592991682833,31.21073655051704,6875600.0,,,,,
2025-01-29,31.338247299194336,31.59326737753606,31.00475720188196,31.38728919022277,5471100.0,,,,,
2025-01-30,30.98513984680176,31.44614185633992,30.8870541934429,31.318629945724936,3890100.0,,,,,
2025-01-31,30.975330352783203,31.07145350502568,30.622222757476575,31.034180995058243,4071800.0,,,,,
2025-02-03,30.73011779785156,31.053799143318017,30.475095848267657,30.475095848267657,3080000.0,,,,,
2025-02-04,30.661457061767575,30.994947145044552,30.435861379206138,30.435861379206138,3623600.0,,,,,
2025-02-05,30.847820281982425,31.029277520113183,30.58298958579492,30.739925878907176,3154900.0,,,,,
2025-02-06,30.798778533935547,31.01947079518155,30.632033477752824,31.014567354188667,3373600.0,,,,,
2025-02-07,31.122459411621094,31.142076916945516,30.760525231278415,30.87724620755065,3393400.0,,,,,
2025-02-10,31.11264991760254,31.181311184601945,30.744830120261344,31.122458670031023,3343200.0,,,,,
2025-02-11,31.63250160217285,32.096444539939206,30.70069072912641,30.99494768048074,7664900.0,,,,,
2025-02-12,31.720779418945312,31.93656823035211,31.12245861761299,31.65212002288978,3662200.0,,,,,
2025-02-13,31.838483810424805,32.005230746857514,31.514804303412927,31.76982440767511,3979800.0,,,,,
2025-02-14,31.740398406982425,32.26024921331139,31.666833695869148,31.83848219402903,4822400.0,,,,,
2025-02-18,32.22101211547852,32.240629619948905,31.387288754597087,31.42652376353787,3999700.0,,,,,
2025-02-19,31.965991973876957,32.284769872955955,31.68154377213529,32.21120516675982,8125600.0,,,,,
2025-02-20,32.69182586669922,33.04492973437241,31.661927425602045,31.661927425602045,8300900.0,,,,,
2025-02-21,32.99790954589844,33.24475209043634,32.64245944563924,32.86955413463191,4620600.0,,,,,
2025-02-24,33.37310791015625,33.76805744828366,32.75106370588686,33.047277742741386,8575200.0,,,,,
2025-02-25,33.26449966430664,33.68413499968238,33.07690068799297,33.343491085818684,5293000.0,,,,,
2025-02-26,32.95841598510742,33.44222523942636,32.86955252277074,33.10651924465647,3600300.0,,,,,
2025-02-27,32.94853973388672,33.19538226301851,32.50422242814587,32.64245740833487,4059600.0,,,,,
2025-02-28,33.21512985229492,33.303993312734015,32.95841528131424,33.136142202192424,4462100.0,,,,,
2025-03-03,33.43235397338867,33.66932070078877,33.268450166453135,33.33361469820678,2796800.0,,,,,
2025-03-04,32.899173736572266,33.62982931905164,32.86955383678198,33.4224787209648,3020600.0,,,,,
2025-03-05,33.34348678588867,33.36323463872002,32.64245495970567,32.69182270852515,5877800.0,,,,,
2025-03-06,32.859676361083984,33.36323723111683,32.68688734353079,33.32374152238521,2370800.0,,,,,
2025-03-07,32.59308624267578,33.29412189556461,32.484478692555435,32.85967662901072,5408000.0,,,,,
2025-03-10,32.33637237548828,32.77081388504447,32.11914973745108,32.523971347827,5288400.0,,,,,
2025-03-11,32.05003356933594,32.356119666093406,31.79331899237539,32.356119666093406,4365200.0,,,,,
2025-03-12,32.43510437011719,32.49928583341269,31.595841341101305,31.901927410039637,3446900.0,,,,,
2025-03-13,32.26725387573242,32.711571156223414,32.18826246297052,32.43510497807465,3095700.0,,,,,
2025-03-14,32.35612106323242,32.53878590142134,31.8525601650979,32.15864627507218,2538700.0,,,,,
2025-03-17,32.60295867919922,32.84486328071199,32.316620467969884,32.405483920885274,2286200.0,,,,,
2025-03-18,32.988033294677734,33.17563224865691,32.583211723920044,32.64245528300087,2714400.0,,,,,
2025-03-19,32.988033294677734,33.07689675004005,32.73131873836318,32.90904564908781,2461100.0,,,,,
2025-03-20,33.076900482177734,33.08677252654617,32.73132243150855,33.01272277748725,2653600.0,,,,,
2025-03-21,33.27437210083008,33.41260330793955,32.830054816179704,32.8794225663591,7065400.0,,,,,
2025-03-24,33.3237419128418,33.56071240148999,33.175634886621914,33.175634886621914,2345100.0,,,,,
2025-03-25,33.333614349365234,33.708816058093426,33.07689976961532,33.42247781283985,5124100.0,,,,,
2025-03-26,31.161399841308597,33.57058341359689,30.98367292191517,33.06702631966087,10884400.0,,,,,
2025-03-27,31.250263214111328,31.8426856493558,30.845441624733727,31.46748584088107,7555000.0,,,,,
2025-03-28,30.973800659179688,31.39343219557905,30.6084728959808,31.339126539119583,4077100.0,,,,,
2025-03-31,30.736831665039062,30.91455859176563,30.253020521871797,30.49986305715667,7631900.0,,,,,
2025-04-01,30.77632713317871,31.107095223900885,30.59366418581361,30.85531666851976,4704400.0,,,,,
2025-04-02,30.884937286376957,30.96392681874072,30.43074606284104,30.66771465993234,4635200.0,,,,,
2025-04-03,31.38849639892578,31.447738077643383,30.598599188568706,30.657840867286307,5750100.0,,,,,
2025-04-04,30.717086791992188,31.299635346758222,30.06542262619613,30.90468576957103,7265500.0,,,,,
2025-04-07,30.63809585571289,30.746705289552136,29.285397947043347,29.423629162798235,5739600.0,,,,,
2025-04-08,30.460369110107425,31.20089671302774,30.13947306220499,30.638096036129756,6164500.0,,,,,
2025-04-09,31.8624324798584,31.90192818646028,29.660597684794865,29.76920711143216,7300500.0,,,,,
2025-04-10,30.815820693969727,31.566222214880067,29.92718795821716,31.566222214880067,6600600.0,,,,,
2025-04-11,31.546476364135746,31.600782022533743,30.56897827948987,31.04291737252574,5897300.0,,,,,
2025-04-14,31.88218307495117,31.91180297419088,31.368750144526334,31.813067465713043,3059100.0,,,,,
2025-04-15,32.0401611328125,32.09446679070938,31.64027367316105,31.931549817018727,2993200.0,,,,,
2025-04-16,31.7834415435791,32.19813893608582,31.615590437779247,32.14877118535163,3057700.0,,,,,
2025-04-17,32.18826675415039,32.25244822720526,31.684709613474105,31.684709613474105,2537300.0,,,,,
2025-04-21,31.7834415435791,32.28700239401455,31.615590437779247,32.24750668682002,2068400.0,,,,,
2025-04-22,31.7834415435791,32.316622291151475,31.56622080378608,32.158643228891286,2555900.0,,,,,
2025-04-23,31.28976058959961,32.069782029023926,31.27001273461188,32.000666419825976,4185600.0,,,,,
2025-04-24,31.625465393066406,31.72420467014364,31.181149945773736,31.45761427181255,2968500.0,,,,,
2025-04-25,31.793317794799805,31.892053297638245,31.43786395815262,31.58596909566928,3442500.0,,,,,
2025-04-28,32.129024505615234,32.257379908910124,31.8229384134514,31.961169627164715,3256600.0,,,,,
2025-04-29,32.296875,32.49434977289373,31.92661121326852,32.07965613968312,2612900.0,,,,,
2025-04-30,32.405487060546875,32.583213983597034,31.975979702089305,32.50422256601114,4545700.0,,,,,
2025-05-01,32.06978225708008,32.277129086148435,31.67483645407153,32.247509186715305,2607800.0,,,,,
2025-05-02,32.47460174560547,32.55359316094851,32.0401602607727,32.4054861404393,3138200.0,,,,,
2025-05-05,32.583213806152344,32.622709514730204,32.12902445706123,32.53384605368906,3916200.0,,,,,
2025-05-06,31.70445442199707,32.62270891366418,31.566221327780525,32.44498199485648,4687100.0,,,,,
2025-05-07,32.33637237548828,32.41042588995716,31.80319159113418,31.842687301053346,6085900.0,,,,,
2025-05-08,32.68194961547852,33.67919555050832,31.95623573782101,32.20801240768422,9014100.0,,,,,
2025-05-09,32.731319427490234,33.29412006779484,32.61283230683396,32.80043503128077,4354600.0,,,,,
2025-05-12,32.92879104614258,33.17563356902676,32.138895726216795,32.23763499528126,5527600.0,,,,,
2025-05-13,32.405487060546875,32.67207744512211,32.13395877074299,32.67207744512211,4360300.0,,,,,
2025-05-14,31.88218307495117,32.69182629732774,31.77357175571462,32.45485580385542,3576000.0,,,,,
2025-05-15,32.70169448852539,32.7115702981205,31.82293576044952,32.089526121750815,3331000.0,,,,,
2025-05-16,33.81494903564453,33.99386441083614,32.860736229092375,32.88061613652529,4933400.0,,,,,
2025-05-19,34.04356002807617,34.10816687917427,33.596271619731375,33.88452457085406,25608100.0,,,,,
2025-05-20,32.89055252075195,33.59627213603903,32.37368632891081,33.47699648921552,7445400.0,,,,,
2025-05-21,32.63212203979492,33.1241374115258,32.6122421329355,32.950192966136555,4182300.0,,,,,
2025-05-22,32.115257263183594,32.73151923638295,32.00591966645208,32.63212348937505,3358400.0,,,,,
2025-05-23,32.25440979003906,32.403503396518914,31.95621878537501,31.9661568424586,2514300.0,,,,,
2025-05-27,32.49296188354492,32.61224132173446,32.01585550590008,32.44326401348484,2681600.0,,,,,
2025-05-28,32.433326721191406,32.62218014855619,32.373687000689856,32.47308274315458,2935300.0,,,,,
2025-05-29,32.44326400756836,32.57248150306457,32.22458882929852,32.39356613751733,2377100.0,,,,,
2025-05-30,32.681819915771484,32.91043315713074,32.09537593430052,32.44326482512883,22183600.0,,,,,
2025-06-02,33.05952835083008,33.06947020058856,32.45320822522765,32.80109713268025,4168600.0,,,,,
2025-06-03,33.08934783935547,33.33784098241154,32.65199748088593,32.930312379467765,3408500.0,,,,,
2025-06-04,33.23844146728516,33.5117854414694,33.049588043478884,33.13904572669332,2529400.0,,,,,
2025-06-05,33.546573638916016,33.566453544965825,33.188742913428214,33.49687576964368,2653000.0,,,,,
2025-06-06,33.576393127441406,33.765250347641775,33.4074196058985,33.5068153489585,2743300.0,,,,,
2025-06-09,33.188743591308594,33.65591191376007,33.16886368485274,33.56645423056095,2830400.0,,,,,
2025-06-10,33.37760162353516,33.82488625877136,33.198686252758854,33.198686252758854,6775100.0,,,,,
2025-06-11,33.844764709472656,33.97398220318559,33.38753824458614,33.38753824458614,7090800.0,,,,,
2025-06-12,35.05741500854492,35.15681075456093,33.934224878381634,33.934224878381634,8949100.0,,,,,
2025-06-13,34.6300048828125,35.16675098670269,34.5107292347384,34.87849802812783,3525000.0,,,,,
2025-06-16,34.88843536376953,34.93813702516789,34.37654010168348,34.70951999950779,3619000.0,,,,,
2025-06-17,34.3516960144043,34.92819817745877,34.22744943364117,34.78904261367681,5923200.0,,,,,
2025-06-18,34.6995849609375,34.77910459272915,34.21253669547551,34.39145207530197,3957600.0,,,,,
2025-06-20,34.64988708496094,34.67970505102875,34.182718727473265,34.64988708496094,5346900.0,,,,,
2025-06-23,35.18663024902344,35.24129904332812,34.63994230597663,34.64988415496171,3357000.0,,,,,
2025-06-24,35.92216873168945,36.101084100905865,35.206507254823784,35.28602688189976,8046300.0,,,,,
2025-06-25,35.69355773925781,35.82277524554167,35.43512651839485,35.65379792321589,2525400.0,,,,,
2025-06-26,35.05741500854492,35.922170132339126,34.79898000217584,35.862534201411385,3658800.0,,,,,
2025-06-27,35.6537971496582,35.714430299050896,35.077294996377404,35.52458343788257,3741100.0,,,,,
2025-06-30,35.81283187866211,36.00168910100893,35.38542335357822,35.65379641293587,3662300.0,,,,,
2025-07-01,35.66373825073242,36.11102668284912,35.405303249196294,35.80289380923438,4697500.0,,,,,
2025-07-02,35.971866607666016,36.026535403362075,35.55439994057378,35.59912688703173,3858600.0,,,,,
2025-07-03,36.15078353881836,36.21042326171023,35.742261485026425,35.91719936378937,1196700.0,,,,,
2025-07-07,35.375484466552734,36.20047974076002,35.32578659562294,36.10108399890042,3328100.0,,,,,
2025-07-08,35.29596710205078,35.69355767838237,35.007717915500365,35.375486733999,8149700.0,,,,,
2025-07-09,35.6537971496582,35.68361890689499,35.25123944815589,35.43512574958153,3208300.0,,,,,
2025-07-10,35.90229034423828,36.339640728254935,35.70349505984023,35.78301469028132,2335800.0,,,,,
2025-07-11,35.62397766113281,35.86253275030511,35.295964887483976,35.86253275030511,1690400.0,,,,,
2025-07-14,36.021568298339844,36.11102598302952,35.59415978167855,35.71343543069661,1987900.0,,,,,
2025-07-15,36.28993606567383,36.46885142768244,35.95198524762471,36.24023819660574,2817200.0,,,,,
2025-07-16,35.38542175292969,36.66764727018029,35.38542175292969,36.28993663427686,3752200.0,,,,,
2025-07-17,35.25621032714844,35.574281264759826,35.0275970777218,35.19657060445706,2302300.0,,,,,
2025-07-18,35.375484466552734,35.4351241866912,35.09717335598225,35.36554640904858,2020700.0,,,,,
2025-07-21,35.43512344360352,35.70349269933753,35.29596409953199,35.56930807147052,2338800.0,,,,,
2025-07-22,35.882408142089844,35.92216795476791,35.33075306422113,35.435123520427155,3397300.0,,,,,
2025-07-23,35.79295349121094,36.00169062959935,35.61404190241405,35.92217099750762,2164500.0,,,,,
2025-07-24,36.36945724487305,36.43903502288471,35.78301326470006,35.89235085634826,1973600.0,,,,,
2025-07-25,36.448974609375,36.48873442467934,36.07126773909778,36.42909849342751,1927100.0,,,,,
2025-07-28,36.83662414550781,36.98571775329884,36.19054046996688,36.468851571206976,2645700.0,,,,,
2025-07-29,37.04536056518555,37.33858067252183,36.53843239792987,36.77698749870395,1982100.0,,,,,
2025-07-30,36.896263122558594,37.27397378525987,36.61795199830749,36.87638321486856,2836600.0,,,,,
2025-07-31,36.57818984985352,37.323669278009646,36.4887321668066,36.86644280541629,2159200.0,,,,,
2025-08-01,36.886322021484375,36.9906886844684,36.15177409100006,36.43903361462112,1878500.0,,,,,
2025-08-04,37.65168380737305,37.68150177254845,36.99566203158191,36.99566203158191,2944200.0,,,,,
2025-08-05,37.68149948120117,37.77095716299223,37.34354866017991,37.582103742190846,3282300.0,,,,,
2025-08-06,36.896263122558594,37.54234685151831,36.46885458648457,36.71734774505297,4173000.0,,,,,
2025-08-07,36.786922454833984,37.035415592656086,36.05138489023501,36.90620189101574,4329800.0,,,,,
2025-08-08,37.353492736816406,37.7361705257034,36.70740901960452,36.91614235899743,2814800.0,,,,,
2025-08-11,35.971866607666016,37.691438730520986,35.84265290120671,37.43300752589787,3530000.0,,,,,
2025-08-12,35.64385986328125,36.3098197192788,35.584220139221344,35.98181071621121,3426500.0,,,,,
2025-08-13,36.24023818969727,36.55830910171764,35.66373608354948,35.802891633595344,5233000.0,,,,,
2025-08-14,36.27999877929688,36.62788766186863,35.63391509257283,36.051385543363374,2894300.0,,,,,
2025-08-15,36.34999847412109,36.59999847412109,36.06999969482422,36.380001068115234,2936700.0,,,,,
2025-08-18,35.91999816894531,36.630001068115234,35.880001068115234,36.5,2387800.0,,,,,
2025-08-19,36.0,36.220001220703125,35.790000915527344,35.959999084472656,2403400.0,,,,,
2025-08-20,36.880001068115234,36.88999938964844,35.9900016784668,35.9900016784668,3780400.0,,,,,
2025-08-21,36.310001373291016,36.900001525878906,36.15999984741211,36.7400016784668,2529900.0,,,,,
2025-08-22,36.31999969482422,36.52000045776367,35.970001220703125,36.38999938964844,2671500.0,,,,,
2025-08-25,35.9900016784668,36.9900016784668,35.86000061035156,36.31999969482422,3402100.0,,,,,
2025-08-26,35.97999954223633,36.209999084472656,35.790000915527344,36.06999969482422,3396100.0,,,,,
2025-08-27,36.060001373291016,36.18999862670898,35.47999954223633,35.939998626708984,3125300.0,,,,,
2025-08-28,35.619998931884766,36.0,35.505001068115234,36.0,1761600.0,,,,,
2025-08-29,35.97999954223633,36.0,35.52000045776367,35.630001068115234,2994000.0,,,,,
2025-09-02,36.16999816894531,36.56999969482422,35.85699844360352,36.09000015258789,4472700.0,,,,,
2025-09-03,36.65999984741211,36.7400016784668,36.11000061035156,36.42499923706055,5815500.0,,,,,
2025-09-04,36.900001525878906,36.959999084472656,36.38999938964844,36.75,3532500.0,,,,,
2025-09-05,36.06999969482422,37.2760009765625,35.849998474121094,36.900001525878906,9231500.0,,,,,
2025-09-08,35.79999923706055,35.97999954223633,34.08100128173828,35.470001220703125,8546300.0,,,,,
2025-09-09,36.5,36.56999969482422,35.77000045776367,35.77000045776367,4204800.0,,,,,
2025-09-10,36.18000030517578,36.7599983215332,36.13999938964844,36.43999862670898,4032800.0,,,,,
2025-09-11,36.70000076293945,36.93999862670898,35.970001220703125,36.18999862670898,3664400.0,,,,,
2025-09-12,36.36000061035156,36.81999969482422,36.08000183105469,36.58000183105469,3652500.0,,,,,
2025-09-15,35.150001525878906,36.30500030517578,34.834999084472656,36.18000030517578,4693500.0,,,,,
2025-09-16,35.41999816894531,35.650001525878906,35.04999923706055,35.099998474121094,4000400.0,,,,,
2025-09-17,35.63999938964844,35.84000015258789,35.459999084472656,35.58000183105469,9027300.0,,,,,
2025-09-18,35.72999954223633,35.810001373291016,35.314998626708984,35.58000183105469,9157700.0,,,,,
2025-09-19,36.2400016784668,36.64500045776367,35.779998779296875,36.02000045776367,13871700.0,,,,,
2025-09-22,35.86000061035156,36.369998931884766,35.3849983215332,36.369998931884766,10647200.0,,,,,
2025-09-23,36.2400016784668,36.70000076293945,35.845001220703125,35.88999938964844,9587200.0,,,,,
2025-09-24,35.77000045776367,36.435001373291016,35.41999816894531,36.435001373291016,4242100.0,,,,,
2025-09-25,34.900001525878906,35.99599838256836,34.77000045776367,35.9900016784668,3603300.0,,,,,
2025-09-26,35.040000915527344,35.220001220703125,34.630001068115234,35.220001220703125,4834300.0,,,,,
2025-09-29,35.25,35.290000915527344,34.79100036621094,35.290000915527344,3300400.0,,,,,
2025-09-30,35.279998779296875,35.540000915527344,34.959999084472656,35.540000915527344,4007300.0,,,,,
2025-10-01,36.31999969482422,36.45500183105469,35.529998779296875,35.65999984741211,3610600.0,,,,,
2025-10-02,36.4900016784668,36.59999847412109,36.150001525878906,36.20000076293945,2831800.0,,,,,
2025-10-03,36.06999969482422,36.66999816894531,36.005001068115234,36.59999847412109,2207300.0,,,,,
2025-10-06,36.130001068115234,36.220001220703125,35.35499954223633,36.0,2399400.0,,,,,
2025-10-07,36.09999847412109,36.47999954223633,35.90999984741211,36.220001220703125,2065900.0,,,,,
2025-10-08,36.02000045776367,36.18999862670898,35.66999816894531,36.16999816894531,1938200.0,,,,,
2025-10-09,36.13999938964844,36.34000015258789,35.97999954223633,36.27999877929688,1773400.0,,,,,
2025-10-10,36.0099983215332,36.36000061035156,35.94499969482422,36.31999969482422,2039700.0,,,,,
2025-10-13,35.439998626708984,35.974998474121094,35.22999954223633,35.79999923706055,1765900.0,,,,,
2025-10-14,36.0,36.130001068115234,35.49800109863281,35.5099983215332,2474900.0,,,,,
2025-10-15,36.18000030517578,36.27000045776367,35.790000915527344,36.0,2287500.0,,,,,
2025-10-16,36.34000015258789,36.45000076293945,35.869998931884766,36.13999938964844,2365800.0,,,,,
2025-10-17,37.0099983215332,37.130001068115234,36.1349983215332,36.33000183105469,2373600.0,,,,,
2025-10-20,,,,,,36.42716598510742,36.71555725508018,35.910044979512435,36.71555725508018,2172300.0
2025-10-21,,,,,,37.272457122802734,37.312236536545406,36.297884247549426,36.297884247549426,2331500.0
2025-10-22,,,,,,36.63600158691406,37.48129326220705,36.606168923467436,37.35201585822255,1896300.0
2025-10-23,,,,,,36.64594650268555,36.95423128455222,36.486832633174274,36.715558583498364,2007000.0
2025-10-24,,,,,,37.05367660522461,37.18793118714195,36.64594707117844,36.64594707117844,1746600.0
2025-10-27,,,,,,37.05367660522461,37.19290456258398,36.84484035954646,37.05367660522461,2501300.0
2025-10-28,,,,,,36.20838165283203,36.959201947728445,35.71612374790096,36.894559453450306,2811300.0
2025-10-29,,,,,,36.466941833496094,36.775226606132954,36.029379653833836,36.20838322587153,2272100.0
2025-10-30,,,,,,36.73544692993164,37.00395228607594,36.25213804758664,36.46694157378734,1823800.0
2025-10-31,,,,,,37.33212661743164,37.40671207055296,36.466941430942214,36.62605908750704,3772400.0
2025-11-03,,,,,,37.09345626831055,37.50615918054351,36.92439943789645,37.31223926632782,3704800.0
2025-11-04,,,,,,37.63046646118164,37.87410874585759,36.551475406899925,36.85478681568126,4748700.0
2025-11-05,,,,,,40.1961784362793,40.77296859339402,35.82750626669019,36.39733142203923,9460200.0
2025-11-06,,,,,,40.55418395996094,41.011639642978835,39.79839404668693,40.45473921654224,5779700.0
2025-11-07,,,,,,38.34648132324219,39.877950928057395,38.17742069931857,38.41112003009812,9329500.0
2025-11-10,,,,,,38.32659149169922,39.18083226884155,38.296755032529816,38.50559507241979,5953600.0
2025-11-11,,,,,,38.7442626953125,39.0575208479384,38.177419306414194,38.177419306414194,3521700.0
2025-11-12,,,,,,39.37077331542969,39.7785028175668,38.704481420577146,38.81387291029724,4083600.0
2025-11-13,,,,,,39.5099983215332,39.78844663332566,39.16193793179263,39.28127238062172,5134300.0
2025-11-14,,,,,,39.15999984741211,39.64500045776367,38.81999969482422,39.41999816894531,2573200.0
2025-11-17,,,,,,39.15999984741211,39.494998931884766,38.96500015258789,39.09000015258789,2590200.0
2025-11-18,,,,,,39.459999084472656,39.5099983215332,38.98500061035156,39.040000915527344,2421500.0
2025-11-19,,,,,,38.650001525878906,39.689998626708984,37.77000045776367,39.529998779296875,3803700.0
2025-11-20,,,,,,38.38999938964844,38.849998474121094,38.08000183105469,38.709999084472656,2802000.0
2025-11-21,,,,,,38.91999816894531,39.130001068115234,38.310001373291016,38.56999969482422,3164600.0
2025-11-24,,,,,,39.75,39.83000183105469,37.310001373291016,38.84000015258789,8177000.0
2025-11-25,,,,,,39.540000915527344,40.0,39.27000045776367,39.68000030517578,7167500.0
2025-11-26,,,,,,39.84000015258789,39.869998931884766,39.23500061035156,39.720001220703125,2524100.0
2025-11-28,,,,,,40.02000045776367,40.06999969482422,39.650001525878906,39.9900016784668,1621000.0
2025-12-01,,,,,,39.900001525878906,40.5,39.599998474121094,40.130001068115234,3905200.0
2025-12-02,,,,,,39.529998779296875,40.209999084472656,39.494998931884766,40.040000915527344,4751700.0
2025-12-03,,,,,,39.599998474121094,40.060001373291016,39.33000183105469,39.45000076293945,3109700.0
2025-12-04,,,,,,39.150001525878906,39.63999938964844,38.97999954223633,39.5,4401600.0
2025-12-05,,,,,,39.72999954223633,39.880001068115234,38.970001220703125,39.150001525878906,10237200.0
2025-12-08,,,,,,38.66999816894531,39.779998779296875,38.599998474121094,39.779998779296875,4338300.0
2025-12-09,,,,,,38.09000015258789,39.11000061035156,38.06999969482422,38.790000915527344,5258100.0
2025-12-10,,,,,,38.2599983215332,38.439998626708984,37.875,38.25,3360500.0
2025-12-11,,,,,,38.810001373291016,38.810001373291016,37.935001373291016,38.29999923706055,4090200.0
2025-12-12,,,,,,38.38999938964844,38.93000030517578,37.974998474121094,38.91999816894531,6350000.0
2025-12-15,,,,,,38.529998779296875,38.58000183105469,38.00199890136719,38.38999938964844,6695400.0
2025-12-16,,,,,,38.380001068115234,38.665000915527344,37.83000183105469,38.52000045776367,7734900.0
2025-12-17,,,,,,38.310001373291016,38.89500045776367,38.29999923706055,38.380001068115234,2269400.0
2025-12-18,,,,,,38.43000030517578,38.689998626708984,38.279998779296875,38.310001373291016,5357700.0
2025-12-19,,,,,,38.599998474121094,38.810001373291016,38.20000076293945,38.34000015258789,5269300.0
2025-12-22,,,,,,38.86000061035156,38.880001068115234,38.439998626708984,38.5099983215332,2161700.0
2025-12-23,,,,,,39.220001220703125,39.49300003051758,38.650001525878906,38.84000015258789,365654.0
