Date,Close,High,Low,Open,Volume,"('Close', 'SEE')","('High', 'SEE')","('Low', 'SEE')","('Open', 'SEE')","('Volume', 'SEE')"
2024-06-03,38.17111206054688,38.34479283863796,37.37025028593031,37.82375050436472,1786600.0,,,,,
2024-06-04,38.65356063842773,38.788644879855816,37.91059362980379,37.91059362980379,1714300.0,,,,,
2024-06-05,38.286903381347656,38.82724406450583,38.229008553619,38.634264986180064,1262600.0,,,,,
2024-06-06,38.24830627441406,39.69564381969675,38.08427645271816,39.13600854952103,1591400.0,,,,,
2024-06-07,37.32200622558594,37.99743106080357,37.30270795249181,37.87199412607634,1398400.0,,,,,
2024-06-10,37.16762924194336,37.4088521702939,36.386065629010496,36.88780976167199,1104400.0,,,,,
2024-06-11,36.79132080078125,37.17727526444288,36.45360650421146,36.84921194590719,1427900.0,,,,,
2024-06-12,37.04219436645508,38.15182137141962,36.94570666201033,37.80445974618655,902000.0,,,,,
2024-06-13,36.723777770996094,37.109732225129406,36.27992481162691,36.97464798214427,727500.0,,,,,
2024-06-14,35.51129150390625,36.51037881039313,34.91959772814515,36.51037881039313,1515800.0,,,,,
2024-06-17,35.501590728759766,35.51129268946117,34.7353023429718,35.26879547491988,1444200.0,,,,,
2024-06-18,35.38519287109375,36.02538536529953,35.32699220790638,35.58888964192881,930600.0,,,,,
2024-06-20,34.871097564697266,35.57918893380092,34.580101669207394,35.36579021700869,1280000.0,,,,,
2024-06-21,34.90019607543945,35.45308938742946,34.71589953818064,34.94869477469561,2325200.0,,,,,
2024-06-24,35.41429138183594,35.637392074131576,34.68679974235504,34.91959869508301,928000.0,,,,,
2024-06-25,34.686798095703125,35.559789501723074,34.483101334369685,35.24939337963013,758800.0,,,,,
2024-06-26,34.42490768432617,34.74500209717056,34.29880809128372,34.60920424322361,734600.0,,,,,
2024-06-27,34.12420654296875,34.424904405362746,33.862309120925005,34.24060416380586,955300.0,,,,,
2024-06-28,33.74591064453125,34.33760439412371,33.41611431034268,34.066005018771406,2778600.0,,,,,
2024-07-01,33.09601593017578,34.172704061263914,33.05721919138116,33.833209470476454,1196000.0,,,,,
2024-07-02,33.09601593017578,33.34821508351521,32.82442025754581,33.066917451026434,988600.0,,,,,
2024-07-03,33.58101272583008,33.76531297423146,33.00871916015789,33.14451700621336,476200.0,,,,,
2024-07-05,32.76622009277344,33.47431146438115,32.65952073399999,33.36761580582129,1741400.0,,,,,
2024-07-08,33.5228157043457,33.61981310843921,32.89232147709657,33.066919764635905,940100.0,,,,,
2024-07-09,32.9990234375,33.678016420206895,32.9893214761992,33.48401789654577,1115000.0,,,,,
2024-07-10,33.59071350097656,33.64891046139584,33.125119316554034,33.26091715781723,804600.0,,,,,
2024-07-11,34.25030899047852,34.521904695233395,33.804111289534696,34.13390765968589,2208700.0,,,,,
2024-07-12,34.77409362792969,34.938993632050696,34.3084994931032,34.62859754216637,1049500.0,,,,,
2024-07-15,34.52190017700195,35.278490227061624,34.483099738482615,34.72559692890825,876400.0,,,,,
2024-07-16,35.705291748046875,35.89928656248031,34.57040284249895,34.8517005037269,895600.0,,,,,
2024-07-17,35.74408721923828,36.19998315740933,35.25909279998016,35.375494124756024,1136800.0,,,,,
2024-07-18,35.297889709472656,36.17088105686651,35.26879123129733,35.365788625357354,993500.0,,,,,
2024-07-19,34.21150588989258,34.95839772017616,33.39671513869355,34.10480652839297,1671300.0,,,,,
2024-07-22,34.97779846191406,34.987496722097845,33.8235093887161,34.444301646462705,1406400.0,,,,,
2024-07-23,34.84199523925781,35.32698962978343,34.696499142228255,35.01659351586412,853800.0,,,,,
2024-07-24,34.77409362792969,35.317288635333895,34.550996669588656,34.909895154940685,776500.0,,,,,
2024-07-25,35.37549591064453,36.05448517171283,34.5898035797047,34.69650294936228,1152200.0,,,,,
2024-07-26,36.55887985229492,36.71407792634791,35.40459440778923,35.811987964598075,1206800.0,,,,,
2024-07-29,36.67527770996094,36.694677929907165,36.12238439224108,36.58797857030972,1011200.0,,,,,
2024-07-30,36.6558837890625,36.8886790679942,36.13208886114482,36.66558205059538,1769500.0,,,,,
2024-07-31,36.90807342529297,37.55796785113272,36.35518010043644,36.723776883745344,1024100.0,,,,,
2024-08-01,36.30668258666992,36.95657333353652,36.18058300137724,36.80137526710466,1405400.0,,,,,
2024-08-02,35.25909423828125,35.734390416636714,34.45400539358246,35.66649149118793,1100100.0,,,,,
2024-08-05,33.7750129699707,34.05631063708974,33.338517227926346,33.9981099714125,1118700.0,,,,,
2024-08-06,33.794410705566406,34.45400340052551,33.61011416146837,33.784712445440704,1399300.0,,,,,
2024-08-07,33.34822082519531,34.3570065115986,33.04752292143026,34.08541079220704,2213400.0,,,,,
2024-08-08,34.492801666259766,37.51916556390783,34.337603612539695,35.97688328622126,3697800.0,,,,,
2024-08-09,32.12602996826172,33.59071521720894,31.126942627739236,33.0669203453915,5738600.0,,,,,
2024-08-12,31.30154037475586,32.79532407945807,31.09784360599113,32.261827256197435,3672300.0,,,,,
2024-08-13,31.70893096923828,31.980530335930016,31.28213725045618,31.524634438444213,3070800.0,,,,,
2024-08-14,31.476137161254883,31.84473393968944,31.25304018226422,31.31123714187089,1654700.0,,,,,
2024-08-15,31.641036987304688,32.07753273380102,31.33064083428819,31.71863787566582,2322000.0,,,,,
2024-08-16,32.15513229370117,32.17452881477609,31.35003976117918,31.466437388698,1909600.0,,,,,
2024-08-19,32.73712539672852,32.74682365764079,32.164831797340106,32.281229429357445,1119600.0,,,,,
2024-08-20,32.620723724365234,33.05721941563416,32.39762674887524,32.591621544804944,1490700.0,,,,,
2024-08-21,33.19301986694336,33.202718127418194,32.56252562987744,32.78562262293715,1189800.0,,,,,
2024-08-22,33.54221725463867,33.69741532746776,33.05722281452103,33.13482000082861,946800.0,,,,,
2024-08-23,33.83320999145508,34.201803067067644,33.61981127383779,33.75560911224385,1017900.0,,,,,
2024-08-26,33.9011116027832,34.02721119140836,33.74591353224989,33.949610306034764,1098400.0,,,,,
2024-08-27,33.59071350097656,33.97870680455517,33.484014139923005,33.813810483082335,1343600.0,,,,,
2024-08-28,33.3967170715332,33.79441236000335,33.07661896850866,33.551915142638286,1080300.0,,,,,
2024-08-29,33.551910400390625,33.716806708789655,33.15421516813097,33.648907793541426,1100800.0,,,,,
2024-08-30,33.9011116027832,34.07570989465992,33.48401609443481,33.55191501902977,1116300.0,,,,,
2024-09-03,34.075706481933594,34.085404741527064,33.2124170697882,33.57131187816262,1965900.0,,,,,
2024-09-04,33.290016174316406,34.26970695957819,33.037820707938224,33.7944108072865,1760600.0,,,,,
2024-09-05,33.22211456298828,33.910805684855944,33.09601498990113,33.48401196853234,940600.0,,,,,
2024-09-06,32.76622009277344,33.54221408377536,32.64982247420858,33.04751772950096,1631200.0,,,,,
2024-09-09,32.31032943725586,32.81472407565837,32.27152899579095,32.77592363419346,1456700.0,,,,,
2024-09-10,32.03873062133789,32.41702568186524,31.7768331870773,32.34912675819181,1130200.0,,,,,
2024-09-11,31.932031631469727,32.05813121986814,31.272442608049555,31.980534034847945,1771200.0,,,,,
2024-09-12,32.20362854003906,32.47522421693454,31.83503176409978,32.24242897965658,1551200.0,,,,,
2024-09-13,32.45735549926758,32.58421933258199,32.106046282045405,32.2036315552783,1991100.0,,,,,
2024-09-16,33.120948791503906,33.30636603919716,32.535429653600744,32.535429653600744,1158100.0,,,,,
2024-09-17,33.75525665283203,33.96994869203443,33.12094129480988,33.238048073996126,2782200.0,,,,,
2024-09-18,33.96018981933594,34.40908799657428,33.53080943971308,33.921154224104974,1495500.0,,,,,
2024-09-19,34.74088668823242,34.98485359958978,34.27247066514305,34.27247066514305,2058600.0,,,,,
2024-09-20,34.243194580078125,34.7799210209918,34.087055911400704,34.7799210209918,5922400.0,,,,,
2024-09-23,34.55547332763672,34.67257640326387,34.05778246424158,34.25295301607362,1561800.0,,,,,
2024-09-24,34.75064468383789,34.79943731769842,34.32126057153083,34.77016248190997,2374400.0,,,,,
2024-09-25,34.3017463684082,34.91654025351307,34.2724678100894,34.8091942258359,1138000.0,,,,,
2024-09-26,35.72651290893555,35.736269946831435,34.692091927919144,34.692091927919144,1512300.0,,,,,
2024-09-27,35.785064697265625,36.56576179011161,35.60941194627887,36.07782796840269,1157600.0,,,,,
2024-09-30,35.42399215698242,35.83385847343352,35.08243999547264,35.74603024295396,1124800.0,,,,,
2024-10-01,35.63868713378906,35.68747977191046,35.05316430841328,35.3947202205424,1688000.0,,,,,
2024-10-02,34.74088668823242,35.638686857800124,34.711611850114224,35.55085862080589,914800.0,,,,,
2024-10-03,34.145606994628906,34.63354076651613,33.99922537400704,34.39933091804899,1079800.0,,,,,
2024-10-04,34.57498550415039,34.71160635726897,34.09680879559632,34.35053642793572,1164300.0,,,,,
2024-10-07,34.02850341796875,34.55547283473366,33.833329146281045,34.37981636247869,1059000.0,,,,,
2024-10-08,34.067535400390625,34.34077711816364,33.433220015401325,33.83332555470004,1001200.0,,,,,
2024-10-09,33.80405044555664,34.22367377880966,33.667429587779225,33.979706897738794,657200.0,,,,,
2024-10-10,33.64791488647461,33.76501795782414,33.189255916616275,33.55032961412325,1133400.0,,,,,
2024-10-11,34.27246856689453,34.311504163755366,33.75525993772645,33.75525993772645,844600.0,,,,,
2024-10-14,34.623779296875,34.6335400567907,33.97970688008805,34.14560629490243,714600.0,,,,,
2024-10-15,34.145606994628906,34.877507652459734,34.09681063932878,34.39933091804899,781000.0,,,,,
2024-10-16,34.448123931884766,34.5749877563182,34.09681101661634,34.12608957464824,709100.0,,,,,
2024-10-17,35.785064697265625,35.93144633283416,35.12147812456995,35.84361809602096,2954600.0,,,,,
2024-10-18,36.22420120239258,36.331547224925416,35.83385642902853,35.83385642902853,1328000.0,,,,,
2024-10-21,35.5020637512207,36.17541104408669,35.42399255762727,35.98023678274253,915200.0,,,,,
2024-10-22,35.19954299926758,35.472784727989215,34.82871227983153,35.42399209395169,746000.0,,,,,
2024-10-23,35.443511962890625,35.56061503595034,35.17027021820477,35.365444488397344,1002200.0,,,,,
2024-10-24,35.43375396728516,35.648442308321314,35.07268027425987,35.3752005710174,766100.0,,,,,
2024-10-25,35.180023193359375,35.658199913971494,35.06292013382465,35.648439154137435,925600.0,,,,,
2024-10-28,35.77530288696289,35.92168450300655,35.47278261770426,35.531336008649546,690500.0,,,,,
2024-10-29,34.90678024291992,35.47278144614115,34.818952020722264,35.30688576123391,835800.0,,,,,
2024-10-30,35.697235107421875,35.74602773812718,34.79943506736002,34.80919210444544,865700.0,,,,,
2024-10-31,35.30689239501953,36.06806798198993,35.17027151762892,35.84361886589968,1250700.0,,,,,
2024-11-01,35.70699691772461,35.81434295320948,35.23858089958667,35.32640913565251,1282600.0,,,,,
2024-11-04,35.394718170166016,36.59503486708983,35.18978686834378,35.70699550322069,1513600.0,,,,,
2024-11-05,35.53133773803711,35.83385802202006,35.14098922468099,35.23857821433968,981500.0,,,,,
2024-11-06,36.20468521118164,37.03417487590276,35.75578702423478,36.89755401227887,2331600.0,,,,,
2024-11-07,34.711612701416016,37.91245746568058,34.477406545447245,37.64897647087565,2336200.0,,,,,
2024-11-08,34.54571533203125,35.287373087308865,33.813814615019055,34.94582090842567,1886200.0,,,,,
2024-11-11,35.00436782836914,35.150749449306815,34.6237800810983,34.80919357466533,1689300.0,,,,,
2024-11-12,34.72136688232422,35.189782828126354,34.633538659821376,34.9458159570228,2158900.0,,,,,
2024-11-13,34.8189582824707,35.29713134948764,34.33102445421034,34.78968344401978,2238900.0,,,,,
2024-11-14,34.770164489746094,35.10195963085258,34.47740494703791,34.770164489746094,1338400.0,,,,,
2024-11-15,34.99460983276367,35.13123068982406,34.516433110413175,34.67257176457349,868800.0,,,,,
2024-11-18,34.116329193115234,34.877508425525654,34.008983165298424,34.75064459968403,1473800.0,,,,,
2024-11-19,33.98946762084961,34.1358455157501,33.589358362593096,33.901639394853646,1279100.0,,,,,
2024-11-20,34.21392059326172,34.47740530119753,33.940675124306296,33.989471484125204,2530700.0,,,,,
2024-11-21,34.67257308959961,34.682333849842166,33.84308715566863,34.008982853399104,1328400.0,,,,,
2024-11-22,35.03364562988281,35.365440737225185,34.57498670197564,34.70185052254045,1142100.0,,,,,
2024-11-25,35.72651290893555,36.04854727645159,35.34592514612594,35.34592514612594,942200.0,,,,,
2024-11-26,35.08243942260742,35.58989099902098,34.857990331188994,35.47278421186756,965800.0,,,,,
2024-11-27,35.36544418334961,35.89240986889272,35.2776159486525,35.2776159486525,628500.0,,,,,
2024-11-29,35.71675109863281,35.83385788577799,35.26785291582754,35.433752336296884,708600.0,,,,,
2024-12-02,35.72651290893555,35.941204969039184,35.287371750832385,35.580131282021355,1042900.0,,,,,
2024-12-03,35.76554489135742,36.17540744907368,35.32640377763355,35.73626633534981,1120600.0,,,,,
2024-12-04,36.39986038208008,36.71213771323714,35.502063985663376,35.58013145713293,1216200.0,,,,,
2024-12-05,35.55085754394531,36.34131165295002,35.27761580274644,36.34131165295002,1765300.0,,,,,
2024-12-06,35.796173095703125,36.05130142877733,35.45273542793767,35.82560954060021,1266000.0,,,,,
2024-12-09,36.53211212158203,37.20917651869741,36.14942338655205,36.443799048637445,1646200.0,,,,,
2024-12-10,36.14942169189453,36.72836208890437,35.87467158592018,36.26717120257076,1266100.0,,,,,
2024-12-11,35.433109283447266,36.50267710047326,35.3742326514605,36.30642540370715,1605600.0,,,,,
2024-12-12,35.66860580444336,35.73729333197913,35.23685509662002,35.403670337199394,762900.0,,,,,
2024-12-13,35.28591537475586,35.482167048160804,34.981728837008056,35.44291596484195,744300.0,,,,,
2024-12-16,35.158355712890625,35.70785591822762,35.11910462874101,35.32516720574238,1825700.0,,,,,
2024-12-17,34.8737907409668,35.413480043353985,34.56960045556813,34.80510321574603,1670400.0,,,,,
2024-12-18,33.676658630371094,35.285915626009604,33.64722218926701,34.99153998540074,1794500.0,,,,,
2024-12-19,33.333221435546875,34.08878796017998,33.21546818323746,33.66684816404475,1652700.0,,,,,
2024-12-20,32.96034240722656,33.60797029828343,32.940716865898864,33.29396912341884,3319500.0,,,,,
2024-12-23,33.293968200683594,33.32340464026468,32.646340327575594,32.85240289102151,1378400.0,,,,,
2024-12-24,33.392093658447266,33.45097028343815,33.07809247820786,33.40190830087374,449600.0,,,,,
2024-12-26,33.64722442626953,33.7060973123918,33.13697153513548,33.293972136777526,977100.0,,,,,
2024-12-27,33.6177864074707,34.00047890788692,33.31359982772146,33.41172380637802,886200.0,,,,,
2024-12-30,32.99959182739258,33.568717524466635,32.60708850699117,33.47059356596082,1207700.0,,,,,
2024-12-31,33.19584655761719,33.53928418733847,32.930907353322446,33.07809330469324,859000.0,,,,,
2025-01-02,32.66596984863281,33.63740990506797,32.567842132757285,33.401910873345955,1044400.0,,,,,
2025-01-03,33.08790969848633,33.27434674403197,32.508969275467145,32.72484276420693,1101800.0,,,,,
2025-01-06,33.34303283691406,33.85328570836785,33.12715561428645,33.23509422560026,1336200.0,,,,,
2025-01-07,33.57853698730469,33.94160017773027,33.3920961989105,33.607973430444986,1000000.0,,,,,
2025-01-08,33.04865646362305,33.5589093238915,32.764091720613635,33.2252825976848,1139800.0,,,,,
2025-01-10,32.43046569824219,32.72484134700412,32.04777698053274,32.558029851875155,1138300.0,,,,,
2025-01-13,33.02903366088867,33.03884456106602,32.21459419133984,32.27346707878332,884600.0,,,,,
2025-01-14,33.333221435546875,33.450970944666885,33.00940560648009,33.195846384375294,843300.0,,,,,
2025-01-15,33.83366012573242,34.17710150161188,33.63740844568551,33.961224279241335,776600.0,,,,,
2025-01-16,34.04953384399414,34.088784924602,33.578532106267,33.81403110353603,1162900.0,,,,,
2025-01-17,33.8729133605957,34.26541300241553,33.8729133605957,34.15747812756812,773500.0,,,,,
2025-01-21,34.795291900634766,34.962107151544366,33.990663319797214,33.990663319797214,1298100.0,,,,,
2025-01-22,34.51072692871094,34.9326667604931,34.43222849706225,34.58922910354935,1067900.0,,,,,
2025-01-23,34.60885238647461,34.805104067561,34.30466209363123,34.54997575919185,984000.0,,,,,
2025-01-24,34.775665283203125,35.05041914506785,34.35372546198658,34.5794173374007,715000.0,,,,,
2025-01-27,34.98173522949219,35.2761109217985,34.756043330761,34.91304769272705,922000.0,,,,,
2025-01-28,34.76585006713867,35.18778983597297,34.66772610641918,34.854163129061874,965200.0,,,,,
2025-01-29,34.09859848022461,34.89341608011758,34.039721854724974,34.74622638796317,975900.0,,,,,
2025-01-30,34.68735122680664,35.079854593661885,33.80422426616663,34.0887890199772,1698600.0,,,,,
2025-01-31,34.177101135253906,35.13873023966729,34.1476609504893,34.569600747950915,2834500.0,,,,,
2025-02-03,33.588348388671875,33.95141158451701,32.67578120580435,33.745348993079745,1063000.0,,,,,
2025-02-04,33.77478790283203,33.93179226189374,33.4313502253594,33.75516610113926,1479300.0,,,,,
2025-02-05,34.06916427612305,34.412601922781704,33.67666090006492,33.86309794493824,965100.0,,,,,
2025-02-06,33.931785583496094,34.530347740256104,33.81403233737581,34.530347740256104,964800.0,,,,,
2025-02-07,33.42153549194336,33.87291174291498,33.16640718091452,33.87291174291498,1004500.0,,,,,
2025-02-10,33.30378341674805,33.46078402018155,33.04865883986472,33.46078402018155,808600.0,,,,,
2025-02-11,33.382286071777344,33.549097577687114,33.05847021697879,33.05847021697879,834500.0,,,,,
2025-02-12,33.21546936035156,33.48040857265275,32.88184262003038,33.16640737507865,698100.0,,,,,
2025-02-13,33.460784912109375,33.65703660742994,33.23509677260714,33.48041045596041,636900.0,,,,,
2025-02-14,33.35284805297852,34.02009778829867,33.27434588224113,33.686474792233355,662800.0,,,,,
2025-02-18,33.019222259521484,33.35284900833268,32.33234321865259,33.16640821908577,2877800.0,,,,,
2025-02-19,32.528594970703125,32.8425961768738,32.38140526766516,32.8425961768738,1484300.0,,,,,
2025-02-20,32.43046569824219,32.69540490508476,32.09683896479481,32.54821520910907,1325800.0,,,,,
2025-02-21,31.74358940124512,32.754284330709275,31.68471651237618,32.44028311277568,1645600.0,,,,,
2025-02-24,31.527711868286133,32.145899581428914,31.478649886111366,31.763210880000727,2106700.0,,,,,
2025-02-25,33.3626594543457,35.923734793721984,33.1271566817822,34.48128920184578,2611900.0,,,,,
2025-02-26,32.97997283935547,34.79529263469553,32.97015819564152,33.54909864950069,2188100.0,,,,,
2025-02-27,32.381404876708984,33.235095411729134,32.293091804590375,32.852406680278364,1902100.0,,,,,
2025-02-28,33.53928756713867,33.921976319732,32.5384072755616,32.5384072755616,2884200.0,,,,,
2025-03-03,31.97908973693848,34.00047569785443,31.812274497143765,33.56872124887247,1772200.0,,,,,
2025-03-04,30.448331832885746,31.75340041550241,30.41889352022112,31.733774873726,2253200.0,,,,,
2025-03-05,31.23333740234375,31.508089395427287,30.723084503014967,30.801584805096716,1329000.0,,,,,
2025-03-06,31.125396728515625,31.54733839776803,30.850646625181096,31.027272761093126,1329900.0,,,,,
2025-03-07,31.331462860107425,31.625838521372277,30.850648281857595,31.184275029474996,1691700.0,,,,,
2025-03-10,29.849767684936523,31.40996091704748,29.486702626861284,31.09596158792573,2374200.0,,,,,
2025-03-11,29.692768096923828,29.84976870263488,29.261015495421013,29.84976870263488,2664400.0,,,,,
2025-03-12,29.49651527404785,29.869393102023693,28.996075160666454,29.663328645174985,1755500.0,,,,,
2025-03-13,29.00588607788086,29.90864040422547,28.78019796419337,29.496513388468266,1908400.0,,,,,
2025-03-14,29.509737014770508,29.559133208113025,29.154078392803623,29.460338937084003,1252100.0,,,,,
2025-03-17,29.815998077392575,29.974068160049416,29.32202859800395,29.638168763317623,1920300.0,,,,,
2025-03-18,29.49985885620117,29.796239799582203,29.252874108602285,29.70732513969908,1377100.0,,,,,
2025-03-19,29.46034049987793,29.84563610455165,29.15407993935123,29.45046088381654,2084000.0,,,,,
2025-03-20,29.19359397888184,29.58877104957348,28.94660925187152,29.27262901615138,3132200.0,,,,,
2025-03-21,28.7490234375,28.996008171697863,28.32420939318464,28.84781770804794,7077600.0,,,,,
2025-03-24,29.20347595214844,29.50973839509833,28.837939581890154,29.1145612924977,1443800.0,,,,,
2025-03-25,28.986129760742188,29.38130497501168,28.897215101988547,29.23311450520363,1813900.0,,,,,
2025-03-26,29.213354110717773,29.50973692288196,28.94661014507321,29.00588783811244,1251200.0,,,,,
2025-03-27,29.20347595214844,29.35166642345164,28.897215393542616,29.10468167649828,990900.0,,,,,
2025-03-28,28.650230407714844,29.24299417232948,28.432884510571903,29.07504447042773,1067700.0,,,,,
2025-03-31,28.55143547058105,28.79842020974585,28.02782902953187,28.452641198046333,1041500.0,,,,,
2025-04-01,28.699626922607425,28.758904618769957,28.077226187653505,28.43288482725236,1705000.0,,,,,
2025-04-02,28.719385147094727,28.75890360981665,28.047586355574197,28.324209941595598,1085100.0,,,,,
2025-04-03,26.753387451171875,27.968551941974027,26.713870871907385,27.76108566106129,3524900.0,,,,,
2025-04-04,24.115591049194336,26.101348682602936,24.05631523629465,26.101348682602936,3464500.0,,,,,
2025-04-07,23.848846435546875,25.034373968333565,22.50525070064524,23.285721516993625,5016600.0,,,,,
2025-04-08,23.641380310058597,24.797269002650047,23.23632547528539,23.957520485067526,3821300.0,,,,,
2025-04-09,26.65459251403809,26.822542211512204,23.15728959839536,23.285720833243094,4331400.0,,,,,
2025-04-10,24.95533943176269,26.14086510427459,24.155109367274157,25.943278434361325,2586900.0,,,,,
2025-04-11,25.62713623046875,25.854361730872924,24.53052342122709,24.91581899881191,1924700.0,,,,,
2025-04-14,26.23965835571289,26.44712651800775,25.52834298001059,26.170502929729285,2069500.0,,,,,
2025-04-15,25.82472419738769,26.783026208890707,25.716052191517417,26.27917710563887,1811400.0,,,,,
2025-04-16,25.557981491088867,26.10134716039292,25.251719059555885,25.795086613203942,1305900.0,,,,,
2025-04-17,26.081588745117188,26.1606237882949,25.617258101991148,25.617258101991148,1324200.0,,,,,
2025-04-21,25.7061710357666,25.99267234142743,25.33075319261166,25.84448188095845,1204400.0,,,,,
2025-04-22,26.40760803222656,26.45700611098949,25.775327698813356,25.775327698813356,1265700.0,,,,,
2025-04-23,26.476762771606445,27.652410634863035,26.259416883717453,27.04976727999013,1468200.0,,,,,
2025-04-24,27.4449462890625,27.45482590525244,26.289057575657157,26.516283094993423,2128000.0,,,,,
2025-04-25,27.30663299560547,27.46470308276588,27.07940748085539,27.28687564796848,1928300.0,,,,,
2025-04-28,27.395545959472656,27.711686114225326,27.030009612168865,27.395545959472656,1477800.0,,,,,
2025-04-29,27.573375701904297,27.820360437237976,27.22759669556835,27.41530562203826,1379000.0,,,,,
2025-04-30,27.227598190307617,27.54373836739513,26.78302677290733,27.109046566071843,1335100.0,,,,,
2025-05-01,26.98061180114746,27.44494430681706,26.65459202780309,27.06952645609083,1274500.0,,,,,
2025-05-02,27.66229248046875,27.761086759053537,27.138684123010275,27.435066958764637,1577200.0,,,,,
2025-05-05,27.197959899902344,27.612894333178254,27.079406397104652,27.42518540555858,2445600.0,,,,,
2025-05-06,28.590953826904297,29.03552522513962,27.010251125264908,28.69962583037835,3927600.0,,,,,
2025-05-07,29.430702209472656,29.60852963752996,28.245174716359926,28.60083334116255,3455400.0,,,,,
2025-05-08,30.359363555908203,30.56683171577723,29.63816857287741,29.806118270164145,3096300.0,,,,,
2025-05-09,30.2012939453125,30.645867234577214,30.092620055860227,30.3297270663641,1671500.0,,,,,
2025-05-12,31.83139419555664,32.206808283343946,31.25838779521599,31.60416680480831,2057700.0,,,,,
2025-05-13,31.52513313293457,31.959824933361958,31.159596760559538,31.752358649204897,1739400.0,,,,,
2025-05-14,32.05862045288086,32.19693130621989,31.34730318577946,31.376942033356706,1846300.0,,,,,
2025-05-15,31.367063522338867,31.98946615297546,31.347304289924725,31.811636829936432,2790500.0,,,,,
2025-05-16,31.91042900085449,32.019102894030524,31.090439704825425,31.33742445524796,1667200.0,,,,,
2025-05-19,31.88079261779785,32.01910347756502,31.416460072560987,31.416460072560987,1160500.0,,,,,
2025-05-20,31.930185317993164,32.0882553930847,31.693082089699796,31.85115216479133,1680900.0,,,,,
2025-05-21,31.376941680908203,31.851153815097128,31.3176658707636,31.50537291694552,1395300.0,,,,,
2025-05-22,31.86103057861328,32.11789304288483,31.22875026469444,31.26826684214238,1358900.0,,,,,
2025-05-23,31.505373001098636,31.604167274499545,31.19911244946543,31.35718253316928,1049000.0,,,,,
2025-05-27,32.29572296142578,32.38463761779073,31.73259806067709,32.06849745486824,1563200.0,,,,,
2025-05-28,32.05862045288086,32.30560519632572,32.019101989444536,32.226568269453075,937100.0,,,,,
2025-05-29,32.048736572265625,32.3945174486185,31.79187411638413,32.3945174486185,1112900.0,,,,,
2025-05-30,31.811634063720703,32.08825575608825,31.525130871661226,31.88078948681259,1396100.0,,,,,
2025-06-02,31.357181549072266,32.02897844155829,30.971885967679054,31.74247901480945,1024600.0,,,,,
2025-06-03,31.76223945617676,31.89066880907689,31.110198001082782,31.357182744074244,955600.0,,,,,
2025-06-04,31.673324584960938,31.97958325225049,31.643683853293386,31.76223924258747,1122700.0,,,,,
2025-06-05,31.42633819580078,31.85115413992562,31.149716489408863,31.821513408034985,776600.0,,,,,
2025-06-06,31.89066696166992,32.00922234489341,31.62392300244889,31.79187457767156,683500.0,,,,,
2025-06-09,32.49331283569336,32.740297583631055,32.04873953566787,32.167294928133444,863100.0,,,,,
2025-06-10,32.55259323120117,32.81933723333499,32.35500466272925,32.61186716366081,784100.0,,,,,
2025-06-11,31.89066696166992,32.67113960879576,31.831393038746054,32.58222495572209,860100.0,,,,,
2025-06-12,31.870908737182617,31.90054946826808,31.36706153298572,31.58440742272446,743400.0,,,,,
2025-06-13,30.6779899597168,31.781441949105293,30.618342471350463,31.423566499403247,944800.0,,,,,
2025-06-16,31.20486259460449,31.43350750605439,30.866867747521173,31.025923923078125,850900.0,,,,,
2025-06-17,30.71775245666504,31.194920977692657,30.66804811342851,30.996101708647394,1201300.0,,,,,
2025-06-18,30.28034782409668,30.936456927818128,30.23064347955832,30.717753261211243,1322900.0,,,,,
2025-06-20,30.13123321533203,30.4891105673377,30.002000780496218,30.35987813250189,1252000.0,,,,,
2025-06-23,30.6084041595459,30.61834351184553,29.773358255032,29.942355685614555,1242400.0,,,,,
2025-06-24,31.045806884765625,31.314214896081563,30.87680945868884,30.95633754766031,2136500.0,,,,,
2025-06-25,30.757518768310547,31.035866136141,30.588521339513814,30.99610303906489,1518200.0,,,,,
2025-06-26,31.184982299804688,31.57268149450507,30.886750545643533,30.886750545643533,1438300.0,,,,,
2025-06-27,31.065689086914062,31.58262260838412,30.85692856637761,31.31421459960937,1910100.0,,,,,
2025-06-30,30.846986770629883,31.44344647362876,30.71775244450741,31.28439030001584,1095400.0,,,,,
2025-07-01,31.81126594543457,32.5767249873104,30.856928877199152,30.856928877199152,1759600.0,,,,,
2025-07-02,32.65625,32.72583683836483,31.90073412966836,32.049850950277715,2328500.0,,,,,
2025-07-03,32.268550872802734,32.88489685966784,32.268550872802734,32.646310704720335,849700.0,,,,,
2025-07-07,31.542858123779297,32.40772586005997,31.49315377888012,32.08961350206711,1041600.0,,,,,
2025-07-08,31.86096954345703,32.41766804964881,31.682032769430204,31.70191336914485,1045500.0,,,,,
2025-07-09,32.238731384277344,32.298378875427936,31.612445999891044,32.07967520007431,1178100.0,,,,,
2025-07-10,32.507137298583984,32.68607596823588,32.20890744656361,32.338137980713505,990300.0,,,,,
2025-07-11,31.82120513916016,32.55684232905573,31.79138329098817,32.39778615180782,641300.0,,,,,
2025-07-14,31.542858123779297,31.701914302775723,31.1949220211874,31.602505612977367,1113100.0,,,,,
2025-07-15,30.827104568481445,31.860969706811314,30.807222072565693,31.70191353168364,1121100.0,,,,,
2025-07-16,30.837045669555664,31.04580618737917,30.24058406761839,30.946395604373095,1187900.0,,,,,
2025-07-17,31.20486259460449,31.3340969223065,30.70781157196422,30.70781157196422,1543000.0,,,,,
2025-07-18,31.006044387817383,31.453389185893947,30.856929455125197,31.453389185893947,1478500.0,,,,,
2025-07-21,30.588520050048828,31.463329005937016,30.47916821952562,31.27444908851488,1170700.0,,,,,
2025-07-22,31.11539459228516,31.175042082749577,30.479169862792062,30.63822604516534,1508100.0,,,,,
2025-07-23,31.30427360534668,31.53291662381612,31.11539368325926,31.38380169420993,1309700.0,,,,,
2025-07-24,30.846986770629883,31.3738596346855,30.81716302704028,31.15515786999252,1251500.0,,,,,
2025-07-25,30.85692977905273,30.956338471158265,30.41952432861121,30.956338471158265,962100.0,,,,,
2025-07-28,30.57857894897461,30.876808802252523,30.4891096137714,30.837045706661744,723400.0,,,,,
2025-07-29,30.24058532714844,30.71775387013281,30.111352891127385,30.538815192488865,1158100.0,,,,,
2025-07-30,29.55465316772461,30.518933359166343,29.455242584593616,30.16105601833443,857700.0,,,,,
2025-07-31,29.097368240356445,29.534771788917254,28.96813390856861,29.326011262935857,906400.0,,,,,
2025-08-01,28.302085876464844,28.82896066781724,27.983973510402745,28.80907817091354,1253400.0,,,,,
2025-08-04,28.80907821655273,28.85878445889072,28.26232282352974,28.510848346921875,1590400.0,,,,,
2025-08-05,29.783296585083008,30.37975819584912,29.226599966547592,29.84294407342905,2438100.0,,,,,
2025-08-06,29.107309341430664,29.96223583372929,28.858783823510283,29.753475308803807,1782500.0,,,,,
2025-08-07,29.36577606201172,29.664005924613505,28.997957461776902,29.395597910612363,1706100.0,,,,,
2025-08-08,29.147071838378903,29.475125439437363,28.91842882166224,29.39559735118377,1100800.0,,,,,
2025-08-11,28.878664016723636,29.246482612343268,28.54066916542965,29.11725017913049,1492100.0,,,,,
2025-08-12,29.683887481689453,29.753474321021077,28.96813280033752,29.01783903993094,1269400.0,,,,,
2025-08-13,30.21076011657715,30.270407603630986,29.534770432093563,29.743532844583683,1145100.0,,,,,
2025-08-14,29.664005279541016,29.912530791671152,29.29618668730477,29.72365087154448,2407100.0,,,,,
2025-08-15,31.39374351501465,31.403684763316303,29.58447803829671,29.673947376912366,4086300.0,,,,,
2025-08-18,30.94639587402344,32.3480815040342,30.926515274128324,31.36391880940769,2625000.0,,,,,
2025-08-19,31.12533569335937,31.4136262076083,30.89669266929252,31.21480503253323,1836800.0,,,,,
2025-08-20,31.0855712890625,31.214803720158457,30.67798960378403,31.035865049333925,1714600.0,,,,,
2025-08-21,31.53291702270508,31.781442540558963,30.787340469143427,30.787340469143427,1564000.0,,,,,
2025-08-22,32.55684280395508,32.77554647293553,31.66215131986013,31.771501258251128,1492700.0,,,,,
2025-08-25,32.08961486816406,32.69601776146532,31.900736832627032,32.53696157569766,1120700.0,,,,,
2025-08-26,31.950439453125,32.29837744782664,31.860970116452965,32.029969437810536,846700.0,,,,,
2025-08-27,32.000144958496094,32.238731129010795,31.74168008328716,31.87091441699089,1020300.0,,,,,
2025-08-28,32.03990936279297,32.22878739150139,31.622386416222973,32.218848039337146,784200.0,,,,,
2025-08-29,32.27849578857422,32.32820013419222,31.99020527491192,32.02997026828572,948800.0,,,,,
2025-09-02,31.841087341308597,31.990204165188302,31.55279873374612,31.73173740552243,922200.0,,,,,
2025-09-03,32.13932037353516,32.37790273653533,31.572680625062738,31.691971806562822,1864700.0,,,,,
2025-09-04,32.11943817138672,32.37790303236482,31.741678335620268,32.1691425147827,1109900.0,,,,,
2025-09-05,32.54690170288086,32.92465773893181,32.05979004601755,32.27849370324576,1213400.0,,,,,
2025-09-08,32.855072021484375,32.924658861666586,31.93055681083681,32.497194676433914,1328500.0,,,,,
2025-09-09,33.16324615478516,33.908822718365045,32.904777489112966,33.81935337904751,1856900.0,,,,,
2025-09-10,32.61648941040039,33.212949119584,32.467372587005315,32.87495427312707,1337400.0,,,,,
2025-09-11,33.709999084472656,33.74976407509113,32.477310920687536,32.477310920687536,1557000.0,,,,,
2025-09-12,33.900001525878906,34.209999084472656,33.529998779296875,33.689998626708984,1881100.0,,,,,
2025-09-15,33.650001525878906,34.18000030517578,33.540000915527344,33.970001220703125,1385400.0,,,,,
2025-09-16,33.869998931884766,34.0,33.43000030517578,33.720001220703125,1046500.0,,,,,
2025-09-17,33.77000045776367,34.72999954223633,33.689998626708984,33.84000015258789,2083400.0,,,,,
2025-09-18,34.380001068115234,34.439998626708984,33.75,33.95000076293945,1716700.0,,,,,
2025-09-19,34.099998474121094,34.47999954223633,33.91999816894531,34.439998626708984,2445800.0,,,,,
2025-09-22,33.380001068115234,34.11000061035156,32.880001068115234,34.11000061035156,1576500.0,,,,,
2025-09-23,33.5099983215332,33.90999984741211,33.2400016784668,33.470001220703125,1457300.0,,,,,
2025-09-24,33.2400016784668,33.66999816894531,32.75,33.45000076293945,1914500.0,,,,,
2025-09-25,33.29999923706055,33.400001525878906,32.79999923706055,32.90999984741211,1300800.0,,,,,
2025-09-26,34.41999816894531,34.779998779296875,33.279998779296875,33.33000183105469,1968700.0,,,,,
2025-09-29,35.099998474121094,35.290000915527344,34.529998779296875,34.689998626708984,1801600.0,,,,,
2025-09-30,35.349998474121094,35.369998931884766,34.459999084472656,34.97999954223633,1908700.0,,,,,
2025-10-01,35.56999969482422,35.709999084472656,34.970001220703125,35.150001525878906,1757000.0,,,,,
2025-10-02,36.11000061035156,36.13999938964844,35.58000183105469,35.63999938964844,1666100.0,,,,,
2025-10-03,36.63999938964844,36.66999816894531,36.15999984741211,36.43000030517578,1741400.0,,,,,
2025-10-06,36.209999084472656,37.040000915527344,35.939998626708984,36.68000030517578,2101700.0,,,,,
2025-10-07,35.380001068115234,36.43000030517578,35.380001068115234,36.43000030517578,1712000.0,,,,,
2025-10-08,34.630001068115234,35.45000076293945,34.599998474121094,35.400001525878906,1376700.0,,,,,
2025-10-09,34.959999084472656,35.540000915527344,34.65999984741211,35.400001525878906,2061900.0,,,,,
2025-10-10,33.7599983215332,35.290000915527344,33.70000076293945,35.150001525878906,1514500.0,,,,,
2025-10-13,33.4900016784668,34.459999084472656,33.47999954223633,34.13999938964844,1551500.0,,,,,
2025-10-14,34.31999969482422,34.38999938964844,33.11000061035156,33.13999938964844,1015600.0,,,,,
2025-10-15,34.45000076293945,34.63999938964844,33.90999984741211,34.59000015258789,1143800.0,,,,,
2025-10-16,34.150001525878906,34.540000915527344,33.88999938964844,34.400001525878906,1274200.0,,,,,
2025-10-17,34.5099983215332,34.65999984741211,33.95000076293945,34.349998474121094,1098900.0,,,,,
2025-10-20,,,,,,34.74486541748047,34.844390869800066,34.00836416169646,34.53585968961772,1264600.0
2025-10-21,,,,,,34.824485778808594,35.18277965389563,34.50599600653293,34.90410537438827,883400.0
2025-10-22,,,,,,34.22732162475586,35.212640219094965,34.197464751084226,34.77471915643212,1296800.0
2025-10-23,,,,,,34.675193786621094,34.924011192151774,34.12779625378407,34.386564685008956,983800.0
2025-10-24,,,,,,34.68514633178711,34.97377544604338,34.62543258170131,34.92401272208773,1171200.0
2025-10-27,,,,,,34.63538360595703,35.43159857916188,34.59557190813367,35.03349299088569,771000.0
2025-10-28,,,,,,34.247230529785156,34.645339931987635,34.21737365344839,34.565716532886086,678600.0
2025-10-29,,,,,,33.53063201904297,34.33680177534591,33.321626310737415,34.10789021910855,1076200.0
2025-10-30,,,,,,33.44105911254883,33.81926264703591,32.94342428172725,33.29177094129383,1152100.0
2025-10-31,,,,,,33.35148620605469,33.75954663399755,32.75432590060505,33.20219802801859,1353900.0
2025-11-03,,,,,,33.81926345825195,33.948649580431805,32.415933353539806,33.032999495497315,2595900.0
2025-11-04,,,,,,35.60079574584961,36.19795601567483,34.33680283795557,36.01880717539678,4150500.0
2025-11-05,,,,,,36.41691589355469,36.635876426963115,35.262403275255195,35.60079510113534,2537200.0
2025-11-06,,,,,,36.73540115356445,37.00412440386514,36.277578044156876,36.56620714225602,2291200.0
2025-11-07,,,,,,36.47663497924805,36.75530927234011,35.89937674738307,36.506491854464336,1464600.0
2025-11-10,,,,,,36.685638427734375,36.82497556565357,36.18800362279311,36.72545012332622,1334200.0
2025-11-11,,,,,,37.153419494628906,37.41218794450845,36.62592397515308,36.82497867325796,1186200.0
2025-11-12,,,,,,36.20791244506836,37.44204473658137,36.20791244506836,37.20318213671227,2201100.0
2025-11-13,,,,,,42.2989616394043,44.06058943857309,41.950618768093754,44.06058943857309,12741900.0
2025-11-14,,,,,,43.07526779174805,43.264371448760514,41.880947289143535,42.44825066687636,5781400.0
2025-11-17,,,,,,41.721702575683594,41.8311828464063,41.51269685702341,41.731657398468826,11823800.0
2025-11-18,,,,,,42.60749435424805,42.61744538005072,41.61222472127787,41.731656014171634,5902500.0
2025-11-19,,,,,,42.05014419555664,42.47811046388268,42.00038147063206,42.27905576753178,3636300.0
2025-11-20,,,,,,41.821231842041016,42.368629399286995,41.79137496697472,42.05014340973833,3141000.0
2025-11-21,,,,,,42.527870178222656,42.89611887257902,41.851086536531234,42.000378497389036,3350400.0
2025-11-24,,,,,,43.194705963134766,43.294231413239814,42.398487175684174,42.42834784803773,2168100.0
2025-11-25,,,,,,43.14493942260742,43.85158378599417,43.115082546919446,43.30418242069756,2831800.0
2025-11-26,,,,,,42.80654525756836,43.48332891194237,42.80654525756836,43.25441735188239,2346500.0
2025-11-28,,,,,,42.74683380126953,43.01555707226536,42.697071076267164,42.70702210260662,800300.0
2025-12-01,,,,,,42.527870178222656,42.98569328976324,42.378582014017134,42.83640512555772,1265500.0
2025-12-02,,,,,,42.66720962524414,42.84635846930513,42.23924336405983,42.79659574521096,1665000.0
2025-12-03,,,,,,42.26910400390625,43.06531897876888,42.26910400390625,42.61744686895475,1770000.0
2025-12-04,,,,,,42.07999801635742,42.53782492372402,41.93070985242133,42.30890957171459,2425900.0
2025-12-05,,,,,,41.7400016784668,42.22999954223633,41.650001525878906,42.150001525878906,4416400.0
2025-12-08,,,,,,41.56999969482422,41.959999084472656,41.529998779296875,41.75,3217400.0
2025-12-09,,,,,,41.470001220703125,41.72999954223633,41.380001068115234,41.45000076293945,3792000.0
2025-12-10,,,,,,41.650001525878906,41.7400016784668,41.439998626708984,41.61000061035156,4666000.0
2025-12-11,,,,,,41.65999984741211,42.029998779296875,41.650001525878906,41.70000076293945,2623400.0
2025-12-12,,,,,,42.0,42.0099983215332,41.529998779296875,41.70000076293945,3327700.0
2025-12-15,,,,,,42.08000183105469,42.08000183105469,41.7599983215332,42.0,1999600.0
2025-12-16,,,,,,41.66999816894531,42.209999084472656,41.56999969482422,42.20000076293945,2926900.0
2025-12-17,,,,,,41.349998474121094,41.52000045776367,41.22999954223633,41.349998474121094,15012700.0
2025-12-18,,,,,,41.2599983215332,41.56999969482422,41.2599983215332,41.40999984741211,11426900.0
2025-12-19,,,,,,41.29999923706055,41.310001373291016,41.220001220703125,41.25,10228100.0
2025-12-22,,,,,,41.2599983215332,41.310001373291016,41.220001220703125,41.220001220703125,2982400.0
2025-12-23,,,,,,41.255001068115234,41.31800079345703,41.22999954223633,41.25,579667.0
