Date,Close,High,Low,Open,Volume,"('Close', 'VLY')","('High', 'VLY')","('Low', 'VLY')","('Open', 'VLY')","('Volume', 'VLY')"
2024-06-03,6.458885192871094,6.78321981976093,6.403285084742362,6.78321981976093,4039200.0,,,,,
2024-06-04,6.282819271087647,6.412552874610686,6.227218713421617,6.384752595777671,3350000.0,,,,,
2024-06-05,6.273552417755127,6.3569528130958695,6.2086853945045,6.3569528130958695,3243400.0,,,,,
2024-06-06,6.245752334594727,6.319886267150987,6.208685589251826,6.273552614537132,5587600.0,,,,,
2024-06-07,6.440352439880371,6.542286202140657,6.032618274580076,6.153084966119952,10897000.0,,,,,
2024-06-10,6.236485481262207,6.375485988586978,6.171618460011865,6.375485988586978,5017700.0,,,,,
2024-06-11,6.208685398101807,6.217952305087456,6.041885049194122,6.134551909698391,3911700.0,,,,,
2024-06-12,6.35695219039917,6.625686280317159,6.273551803227931,6.477418876249357,9400500.0,,,,,
2024-06-13,6.300446033477783,6.36637014410775,6.215686526820863,6.356952221558641,3436600.0,,,,,
2024-06-14,6.140344619750977,6.262774912022368,6.121509224714703,6.20626872691355,5581400.0,,,,,
2024-06-17,6.347534656524658,6.385205899771603,6.093256571303341,6.121509891470727,5019200.0,,,,,
2024-06-18,6.3381171226501465,6.441712030190344,6.24394013810055,6.328699199659544,4816200.0,,,,,
2024-06-20,6.272192478179932,6.40404069446372,6.225104214425363,6.281610400373594,2948100.0,,,,,
2024-06-21,6.1968512535095215,6.366370270180329,6.1968512535095215,6.272192839109315,14603500.0,,,,,
2024-06-24,6.347534656524658,6.432294167955527,6.206269402901596,6.225104799989424,4376000.0,,,,,
2024-06-25,6.225103855133057,6.338116220506822,6.215685933482965,6.291027510398809,3367900.0,,,,,
2024-06-26,6.225103855133057,6.253356721940887,6.121508962338161,6.1685976724461735,4136800.0,,,,,
2024-06-27,6.281610488891602,6.291027962146724,6.168598115402612,6.225104302147107,4334100.0,,,,,
2024-06-28,6.573559761047363,6.601813080743675,6.356952473613246,6.385205793309558,8374100.0,,,,,
2024-07-01,6.488800048828125,6.724242725699246,6.47938257527034,6.545306237388642,4436300.0,,,,,
2024-07-02,6.507635116577148,6.56414130228582,6.451128930868476,6.488799721340924,3955600.0,,,,,
2024-07-03,6.309863567352295,6.469964659649479,6.309863567352295,6.4605471860814925,3864100.0,,,,,
2024-07-05,6.1968512535095215,6.33811695104477,6.178015857109574,6.32869902830916,3905900.0,,,,,
2024-07-08,6.234521389007568,6.338116282820972,6.19685060017928,6.225103916336109,2927200.0,,,,,
2024-07-09,6.3381171226501465,6.3381171226501465,6.187433947370793,6.215686818200029,4128600.0,,,,,
2024-07-10,6.582976818084717,6.611230135992115,6.347534148784327,6.385205389017942,4650900.0,,,,,
2024-07-11,7.044444561004639,7.100950746766157,6.752495710034504,6.818419368887319,7169400.0,,,,,
2024-07-12,6.931432247161865,7.129204123508571,6.922014324920951,7.082115410446498,4216200.0,,,,,
2024-07-15,7.129204273223877,7.279887439672898,7.044444767560672,7.072698085805493,5057600.0,,,,,
2024-07-16,7.449405670166016,7.468241065133302,7.166874745656719,7.204545535591292,7533000.0,,,,,
2024-07-17,7.590672016143799,7.684848544515879,7.3269760302312195,7.3269760302312195,10437000.0,,,,,
2024-07-18,7.430570602416992,7.816696889856975,7.421153129054254,7.534165503834671,11674000.0,,,,,
2024-07-19,7.553001403808594,7.656595856910829,7.355229072893048,7.430570656629677,5957000.0,,,,,
2024-07-22,7.647177696228027,7.656595618437405,7.317558053111021,7.48707661123859,5441100.0,,,,,
2024-07-23,7.694266319274902,7.826114534238913,7.524747314055815,7.534165236155205,6181000.0,,,,,
2024-07-24,7.374064445495605,7.760190285459759,7.364646972093954,7.656595832685297,11150200.0,,,,,
2024-07-25,7.600088596343994,7.722518884404538,6.884343160511628,7.195127392456683,16939000.0,,,,,
2024-07-26,7.750772476196289,7.995633075213343,7.656595944519176,7.750772476196289,6238700.0,,,,,
2024-07-29,7.562418460845947,7.807279058119297,7.477659403311627,7.750772421001399,6261100.0,,,,,
2024-07-30,7.722519397735596,7.779026033728281,7.571836232611781,7.647177815173688,6154400.0,,,,,
2024-07-31,7.9108734130859375,8.127481138172293,7.553001342321552,7.684848663716058,10803000.0,,,,,
2024-08-01,7.477659225463867,8.023886595065797,7.402317643193602,7.892038377021579,8929200.0,,,,,
2024-08-02,7.298723220825195,7.355229411226901,6.922014835742542,7.195128313886428,10900600.0,,,,,
2024-08-05,7.430570602416992,7.524747581400674,6.761913378025965,6.969103180861323,11500700.0,,,,,
2024-08-06,7.402317523956299,7.62834271619751,7.298722625467775,7.411734997052758,5709200.0,,,,,
2024-08-07,7.34581184387207,7.628343241356102,7.317558524495157,7.571836602602275,5033400.0,,,,,
2024-08-08,7.524747371673584,7.56241816221711,7.383482131670985,7.487076581130058,4608100.0,,,,,
2024-08-09,7.32697582244873,7.515329771993946,7.279887110526807,7.477658982084903,3977000.0,,,,,
2024-08-12,7.308140754699707,7.553001349142806,7.29872283226516,7.411735207052164,4639300.0,,,,,
2024-08-13,7.637759685516357,7.675430475774863,7.355228758577562,7.458823656324075,6322700.0,,,,,
2024-08-14,7.543583869934082,7.6660141743490655,7.430571039435713,7.6660141743490655,4115600.0,,,,,
2024-08-15,7.666013240814209,7.854367186922397,7.656595318973184,7.760189764797073,4100300.0,,,,,
2024-08-16,7.9108734130859375,7.948544204647584,7.647177872154411,7.647177872154411,4418100.0,,,,,
2024-08-19,7.929708957672119,7.939126879741542,7.807278665197077,7.910873113533275,3340000.0,,,,,
2024-08-20,7.703685283660889,7.901457183793635,7.656596564935453,7.882621337046418,5919400.0,,,,,
2024-08-21,7.750772476196289,7.826114958937526,7.6754308915975855,7.7884441666381745,2786500.0,,,,,
2024-08-22,7.731937408447266,7.844949783581562,7.666013747487889,7.731937408447266,2642000.0,,,,,
2024-08-23,8.372342109680176,8.485354489457833,7.7507726736892195,7.769608519390108,8332600.0,,,,,
2024-08-26,8.231075286865234,8.551277452401282,8.231075286865234,8.466517949977918,5609600.0,,,,,
2024-08-27,8.06155776977539,8.193405095950489,8.005051131312815,8.174570148557995,3202300.0,,,,,
2024-08-28,8.118062973022461,8.15573376345778,7.995632679572051,7.995632679572051,3004200.0,,,,,
2024-08-29,8.080392837524414,8.212241063805925,7.99563332763934,8.183987295082526,2999300.0,,,,,
2024-08-30,8.174569129943848,8.193404074989362,7.957961423994596,8.11806249852243,3349400.0,,,,,
2024-09-03,7.9579620361328125,8.183986782919762,7.901456298507329,8.042721540713545,3845700.0,,,,,
2024-09-04,7.892038345336914,8.070974377974782,7.826114685650727,7.948544082741503,2853200.0,,,,,
2024-09-05,7.760190486907959,8.014469011422301,7.731937616898325,7.995633165987516,4282800.0,,,,,
2024-09-06,7.647177696228027,7.873202440398118,7.600088983323635,7.826114625636221,5533300.0,,,,,
2024-09-09,7.703685283660889,7.7225202322654996,7.515330857830448,7.666014488309061,6104300.0,,,,,
2024-09-10,7.675430297851562,7.722519009118758,7.42115269403665,7.722519009118758,8371000.0,,,,,
2024-09-11,7.628342628479004,7.684848364550489,7.41173491182503,7.56241807220563,4430700.0,,,,,
2024-09-12,7.684848308563232,7.73193702037473,7.571835939101123,7.694266230554026,2812800.0,,,,,
2024-09-13,8.133529663085938,8.15262198128054,7.789858831430602,7.799405445735529,8862800.0,,,,,
2024-09-16,8.324457168579102,8.439013805847571,8.104889597669784,8.16216837151163,7899500.0,,,,,
2024-09-17,8.515384674072266,8.629941308336868,8.324456950297929,8.448560198355048,7072300.0,,,,,
2024-09-18,8.6299409866333,8.935425333284515,8.353095569876846,8.515384356639094,11610700.0,,,,,
2024-09-19,8.91633415222168,9.040437411455688,8.734952115489175,8.859055374723184,12062700.0,,,,,
2024-09-20,8.64903450012207,8.887694381455939,8.629941272616067,8.868601153949934,19815900.0,,,,,
2024-09-23,8.6299409866333,8.754044230064148,8.486745426744335,8.677673143401345,6280700.0,,,,,
2024-09-24,8.42946720123291,8.725405863985541,8.41037488354109,8.677673704133152,4703900.0,,,,,
2024-09-25,8.267178535461426,8.43901394949673,8.190807442649122,8.419920721086033,7120800.0,,,,,
2024-09-26,8.410374641418457,8.467652503260195,8.32445693824065,8.429466958560637,3620600.0,,,,,
2024-09-27,8.37218952178955,8.524931708342773,8.362642907526162,8.505838479815997,3591700.0,,,,,
2024-09-30,8.64903450012207,8.77313683725031,8.334002619179383,8.372189074191391,5831900.0,,,,,
2024-10-01,8.305363655090332,8.601302307342413,8.20990024918803,8.572662466198048,5132400.0,,,,,
2024-10-02,8.343549728393555,8.496291915851018,8.295817567209284,8.295817567209284,2370700.0,,,,,
2024-10-03,8.353096008300781,8.410374781511825,8.181260599082869,8.305363849027449,2902100.0,,,,,
2024-10-04,8.47719955444336,8.620395126851475,8.362642914433817,8.54402403351178,3942500.0,,,,,
2024-10-07,8.439014434814453,8.448561049568816,8.286272240405824,8.419921205305728,3338200.0,,,,,
2024-10-08,8.353096008300781,8.496291575705566,8.353096008300781,8.439013712909738,3097000.0,,,,,
2024-10-09,8.534478187561035,8.66812806814502,8.334003821892722,8.334003821892722,4529700.0,,,,,
2024-10-10,8.45810604095459,8.53447713172141,8.362642632703674,8.45810604095459,4152200.0,,,,,
2024-10-11,8.830416679382324,8.878148843516101,8.496292440861195,8.544024604994972,6319500.0,,,,,
2024-10-14,8.792230606079102,8.878148314315533,8.658580736554068,8.81132292434539,4996500.0,,,,,
2024-10-15,8.83996295928955,9.174086274733307,8.734952020091715,8.868601892518383,6239700.0,,,,,
2024-10-16,8.983158111572266,9.078622431713264,8.90678701962556,8.97361149747512,3884200.0,,,,,
2024-10-17,9.078621864318848,9.09771418090468,8.925879689971492,8.944972006557325,3623200.0,,,,,
2024-10-18,8.954519271850586,9.088169139340382,8.935426043459799,9.088169139340382,3605700.0,,,,,
2024-10-21,8.534478187561035,8.93542691889766,8.496292637453514,8.811323653444388,6385300.0,,,,,
2024-10-22,8.582209587097168,8.610849429934065,8.486746175553249,8.54402404039655,3313100.0,,,,,
2024-10-23,8.706313133239746,8.706313133239746,8.458106616160332,8.486746459956995,5847900.0,,,,,
2024-10-24,9.16454029083252,9.38410695624292,8.582209566993168,8.830416075173375,10817900.0,,,,,
2024-10-25,8.849509239196777,9.202725770379857,8.839962625009743,9.164540224046965,5704600.0,,,,,
2024-10-28,9.116808891296388,9.174086760788708,8.897241297134968,8.95452007704261,4670800.0,,,,,
2024-10-29,9.145447731018066,9.212272214869884,8.992705533405163,9.069076632211615,4331200.0,,,,,
2024-10-30,9.25045680999756,9.536848856185252,9.088168924586922,9.088168924586922,5192400.0,,,,,
2024-10-31,9.04043674468994,9.279096630903608,8.97361135746777,9.26955001695541,6676200.0,,,,,
2024-11-01,8.992704391479492,9.212271045062856,8.944972233182831,9.088168708072812,3855900.0,,,,,
2024-11-04,8.935426712036133,9.011797810483127,8.81132344945594,8.97361226125963,3837000.0,,,,,
2024-11-05,9.08816909790039,9.116808029940746,8.954519231020008,8.9736115489085,3202600.0,,,,,
2024-11-06,10.04280948638916,10.138272904487788,9.842335124842144,9.8709740592302,16238600.0,,,,,
2024-11-07,9.594127655029297,9.94734417911182,9.575034427039052,9.909158633546554,5500500.0,,,,,
2024-11-08,9.50821018218994,9.584581275186228,9.06907594225368,9.250457060516046,43012300.0,,,,,
2024-11-11,9.775507926940918,10.014167793772964,9.718230068733709,9.832786695563271,22553300.0,,,,,
2024-11-12,9.680045127868652,9.89961178199632,9.60367403857075,9.65140528657054,15994700.0,,,,,
2024-11-13,9.718231201171877,10.00462234641057,9.689591358315807,9.727776905041983,9827000.0,,,,,
2024-11-14,9.680045127868652,9.81369407893238,9.575034197272638,9.73732298963448,6767700.0,,,,,
2024-11-15,9.727776527404783,9.813694231807125,9.517756483771526,9.76596207264858,5795900.0,,,,,
2024-11-18,9.765961647033691,9.79460148752978,9.651405016294856,9.737322716952775,4778400.0,,,,,
2024-11-19,9.727776527404783,9.75641636914904,9.527302187271063,9.56548864293007,6887900.0,,,,,
2024-11-20,9.68959140777588,9.794602344620325,9.565489063093768,9.68959140777588,5939800.0,,,,,
2024-11-21,9.785056114196776,9.918705988871896,9.689591787940936,9.765962884779494,5778500.0,,,,,
2024-11-22,10.08099365234375,10.119179196426238,9.756416072435014,9.756416072435014,6725000.0,,,,,
2024-11-25,10.291014671325684,10.596499963543266,10.214643575875106,10.214643575875106,8825700.0,,,,,
2024-11-26,10.205096244812012,10.271921631450724,10.109632837409174,10.109632837409174,8978500.0,,,,,
2024-11-27,10.195551872253418,10.453304107343866,10.157366322224636,10.214644192060144,4756900.0,,,,,
2024-11-29,10.157365798950195,10.281469057754173,10.033262540146218,10.26237582851574,2962400.0,,,,,
2024-12-02,10.071447372436523,10.214642939886838,10.023715213148014,10.119179531725033,5041300.0,,,,,
2024-12-03,9.909159660339355,10.12872634248746,9.880520725801627,10.023716308905582,4450500.0,,,,,
2024-12-04,10.004621505737305,10.052353662737977,9.78505485811546,9.909158102151135,3220200.0,,,,,
2024-12-05,9.947344779968262,10.157365748470884,9.928251550824717,10.042809104855438,3645800.0,,,,,
2024-12-06,10.033262252807615,10.061901185429807,9.870973450589778,10.042808867153433,3856200.0,,,,,
2024-12-09,9.918705940246582,10.243282645011604,9.861427162690823,10.042809199604656,5403700.0,,,,,
2024-12-10,9.899612426757812,10.119180005601107,9.813694718098056,9.956891202669404,4409600.0,,,,,
2024-12-11,9.909159660339355,10.033262923889929,9.880520725801627,10.023716308905582,5331000.0,,,,,
2024-12-12,9.746869087219238,9.890064644465555,9.718230157853004,9.737322473958775,3756400.0,,,,,
2024-12-13,9.775821685791016,9.795121940832775,9.640716219175896,9.727569667690563,3692000.0,,,,,
2024-12-16,9.843374252319336,9.910927447805696,9.679317938086452,9.775821977163698,5627100.0,,,,,
2024-12-17,9.573163986206056,9.8819754308157,9.534562555629847,9.74687088396433,6308300.0,,,,,
2024-12-18,8.916938781738281,9.688968316680407,8.859037095807777,9.669668061480476,9258400.0,,,,,
2024-12-19,8.694981575012207,9.16784937450186,8.588826940611535,9.032743894505908,8746800.0,,,,,
2024-12-20,8.839735984802246,9.013442884523132,8.608127398728206,8.608127398728206,18453800.0,,,,,
2024-12-23,8.791483879089355,8.907288170982165,8.762533036198828,8.801134466829765,4993100.0,,,,,
2024-12-24,8.907288551330566,8.916939139483064,8.714281389934325,8.772183998518567,3854500.0,,,,,
2024-12-26,8.926589012145996,8.965190441331238,8.75288212064707,8.820435311969247,5182900.0,,,,,
2024-12-27,8.80113410949707,8.994141254815515,8.714280664021103,8.830084951212172,5258000.0,,,,,
2024-12-30,8.80113410949707,8.868686380275859,8.627427218545138,8.714280664021103,4567300.0,,,,,
2024-12-31,8.743232727050781,8.89763844862092,8.694980708977438,8.868686685578497,9902600.0,,,,,
2025-01-02,8.617776870727539,8.83008425364033,8.55022368495475,8.76253198819813,6947600.0,,,,,
2025-01-03,8.733582496643066,8.75288275246352,8.434420708614798,8.60812761265255,7741600.0,,,,,
2025-01-06,8.743232727050781,8.984491897086798,8.723931551689166,8.772183569762507,6583400.0,,,,,
2025-01-07,8.588826179504395,8.859037115551297,8.501973650415076,8.83008535219082,6972200.0,,,,,
2025-01-08,8.675679206848145,8.704630968800105,8.434420045899103,8.492322649472364,7586200.0,,,,,
2025-01-10,8.318615913391113,8.521273649160776,8.231762466585447,8.434420202355108,8822300.0,,,,,
2025-01-13,8.444071769714355,8.45372235833056,8.231763421811776,8.318616878696048,7524800.0,,,,,
2025-01-14,8.791483879089355,8.801134466829765,8.463372178891749,8.559875295303739,10745700.0,,,,,
2025-01-15,9.216099739074709,9.341554607854812,9.042392856097544,9.216099739074709,11523100.0,,,,,
2025-01-16,9.080994606018066,9.22575065375213,9.042393177355114,9.15819746334397,7864700.0,,,,,
2025-01-17,9.254701614379885,9.28365245616736,9.100295897739118,9.1774987560595,8177600.0,,,,,
2025-01-21,9.495960235595703,9.544212249379015,9.274001340324714,9.331903940930813,8693100.0,,,,,
2025-01-22,9.457359313964844,9.476659568311058,9.32225385221868,9.40910729760331,9018700.0,,,,,
2025-01-23,9.438058853149414,9.872325192588267,9.312603969252724,9.380157165400623,11928800.0,,,,,
2025-01-24,9.814422607421877,9.90127605143403,9.447708577332024,9.640715719397564,10078300.0,,,,,
2025-01-27,9.95917797088623,10.007429987633529,9.766170824227713,9.881975112222824,13466200.0,,,,,
2025-01-28,9.843374252319336,10.026731742499956,9.679317938086452,9.93022770342271,9704300.0,,,,,
2025-01-29,9.78547191619873,10.007429902893891,9.698618470855177,9.775821328864854,7777700.0,,,,,
2025-01-30,9.891626358032228,10.08463351753744,9.766171474271154,9.862675514189128,10541800.0,,,,,
2025-01-31,9.920577049255373,10.0556825189959,9.79512216742432,9.843374186640988,11483100.0,,,,,
2025-02-03,9.69861888885498,9.795122005360923,9.495961147762582,9.621416027517943,11690600.0,,,,,
2025-02-04,9.978479385375977,9.997779640340038,9.650366768010702,9.650366768010702,8814000.0,,,,,
2025-02-05,9.99777889251709,10.055681493739607,9.88197461040268,10.026730653293662,6432100.0,,,,,
2025-02-06,10.055682182312012,10.094283612326752,9.939877892267791,10.074982437154038,9089500.0,,,,,
2025-02-07,9.949528694152832,10.055682398897094,9.84337406907786,10.017080968050935,9020800.0,,,,,
2025-02-10,9.814422607421877,10.036380590714584,9.795121433049996,10.007429749487414,7972400.0,,,,,
2025-02-11,9.93022632598877,9.978478338834297,9.708268355362184,9.766170034512337,9460100.0,,,,,
2025-02-12,9.495960235595703,9.804771651279916,9.467009395457962,9.76617022431939,10487100.0,,,,,
2025-02-13,9.563512802124023,9.563512802124023,9.40910708944753,9.534561961079842,8314400.0,,,,,
2025-02-14,9.611763954162598,9.746869400785709,9.553861356943962,9.602113367904398,4694500.0,,,,,
2025-02-18,9.69861888885498,9.775821750192016,9.553862833600007,9.582814596849424,4402600.0,,,,,
2025-02-19,9.679316520690918,9.737219119724411,9.563512242954516,9.573162829515196,5642900.0,,,,,
2025-02-20,9.495960235595703,9.640715356615024,9.41875738167465,9.621415103300068,5115800.0,,,,,
2025-02-21,9.206449508666992,9.67931724138148,9.177498667159952,9.650366399874445,8110800.0,,,,,
2025-02-24,9.158198356628418,9.341555850909998,9.100296668151625,9.322254674530573,6697300.0,,,,,
2025-02-25,9.177498817443848,9.293303105698987,9.109945625713678,9.23540050140608,8257300.0,,,,,
2025-02-26,9.245050430297852,9.274001270216736,9.12924615029171,9.158196990210593,9795000.0,,,,,
2025-02-27,9.254701614379885,9.38980615627522,9.1774987560595,9.245051027007168,11736400.0,,,,,
2025-02-28,9.495960235595703,9.544212249379015,9.254701087009758,9.254701087009758,9504200.0,,,,,
2025-03-03,9.264352798461914,9.602115095285912,9.196799602832533,9.515261643998656,10436400.0,,,,,
2025-03-04,8.965189933776855,9.216099669441286,8.77218279877753,9.177498242441422,10397400.0,,,,,
2025-03-05,8.878337860107422,9.052044768521007,8.733582716649938,8.974841902632916,6637800.0,,,,,
2025-03-06,8.675679206848145,8.801134080981324,8.569525507349605,8.772183239360025,7831600.0,,,,,
2025-03-07,8.66602897644043,8.723931582398404,8.44407098098471,8.675679564155208,8513700.0,,,,,
2025-03-10,8.366867065429688,8.62742645857484,8.32826563976631,8.521272768083197,8872100.0,,,,,
2025-03-11,8.280014038085938,8.482671762948067,8.144908581400975,8.4151194947709,9126600.0,,,,,
2025-03-12,8.386168479919434,8.501973693283853,8.260714519380949,8.386168479919434,7923700.0,,,,,
2025-03-13,8.260714530944824,8.511623372703744,8.202811924181558,8.395819079507923,7188000.0,,,,,
2025-03-14,8.602873802185059,8.602873802185059,8.348697767056713,8.368250200056426,6053900.0,,,,,
2025-03-17,8.641977310180664,8.720185173704458,8.56376944665687,8.602873378418767,6166500.0,,,,,
2025-03-18,8.681081771850586,8.710409489384404,8.553993752788934,8.573546186019032,5991800.0,,,,,
2025-03-19,8.729961395263672,8.837496974599322,8.58332095183003,8.661528815403463,6308800.0,,,,,
2025-03-20,8.612649917602539,8.827721084207276,8.593097484832304,8.720185500904908,5768700.0,,,,,
2025-03-21,8.651754379272461,8.710409816543166,8.485562419819852,8.544217857090556,16357100.0,,,,,
2025-03-24,8.954809188842773,8.984136905976868,8.84727360447688,8.974361621806382,7103700.0,,,,,
2025-03-25,8.905929565429688,9.072121526203455,8.905929565429688,8.954809718418097,9614900.0,,,,,
2025-03-26,8.827720642089844,9.052568946129965,8.769065211339386,8.94503243590202,5946500.0,,,,,
2025-03-27,8.778841018676758,8.905929035966611,8.710409367948113,8.857049818195474,5358500.0,,,,,
2025-03-28,8.583321571350098,8.798393677855975,8.50511370213184,8.739737309786612,5418100.0,,,,,
2025-03-31,8.690857887268066,8.74951332165271,8.4073541349121,8.4073541349121,8273700.0,,,,,
2025-04-01,8.690857887268066,8.759289538153924,8.485562002299172,8.661529237764425,9054400.0,,,,,
2025-04-02,8.857049942016602,8.886377659551547,8.534441319886879,8.544217536502305,9260600.0,,,,,
2025-04-03,7.918554782867432,8.46600987429999,7.918554782867432,8.378025787241919,10075900.0,,,,,
2025-04-04,7.869674205780029,7.889225706119314,7.312442461440873,7.7425861904851185,20203300.0,,,,,
2025-04-07,7.928329944610596,8.446458242080508,7.56661831743866,7.57639453414066,26555800.0,,,,,
2025-04-08,7.781690120697021,8.3291461146711,7.605722422305415,8.172729450456147,18278500.0,,,,,
2025-04-09,8.37802505493164,8.534440781668886,7.48840990988011,7.635049886774095,23257700.0,,,,,
2025-04-10,7.859898567199707,8.338922014614276,7.547066614130241,8.221610207021609,12179000.0,,,,,
2025-04-11,7.693706035614014,7.830570267135383,7.468858188006795,7.781690117855515,15743200.0,,,,,
2025-04-14,7.869674205780029,7.899001922444608,7.595946208695272,7.830570272790157,9388200.0,,,,,
2025-04-15,7.957658767700195,8.084746790654814,7.869674680092278,7.869674680092278,8896200.0,,,,,
2025-04-16,8.035865783691406,8.094521214317131,7.899001558379281,7.93810548956685,8209000.0,,,,,
2025-04-17,8.065194129943848,8.182505932683853,7.986986261450511,8.035866412336679,6777000.0,,,,,
2025-04-21,7.957658767700195,8.016314204564567,7.859898463177764,8.016314204564567,7393100.0,,,,,
2025-04-22,8.192281723022461,8.231385655234282,7.996762061963355,8.016313561913623,10230500.0,,,,,
2025-04-23,8.43668270111084,8.61265088659557,8.368251043338518,8.42690648362582,13454400.0,,,,,
2025-04-24,8.534440994262695,8.602873575648356,8.153177883921177,8.153177883921177,9119500.0,,,,,
2025-04-25,8.397578239440918,8.514890045006226,8.329146585938995,8.426905957754405,7483800.0,,,,,
2025-04-28,8.43668270111084,8.495338141398141,8.319370888224825,8.387802545997147,6976500.0,,,,,
2025-04-29,8.475785255432129,8.514889186678767,8.290040882777156,8.38780117704938,6826200.0,,,,,
2025-04-30,8.407353401184082,8.475785046097762,8.18250510283576,8.348697039607186,7052700.0,,,,,
2025-05-01,8.51488971710205,8.573546083781554,8.33892154937486,8.436681849736926,5721600.0,,,,,
2025-05-02,8.70063304901123,8.720185481738492,8.524665816022422,8.622425182724802,9332300.0,,,,,
2025-05-05,8.70063304901123,8.827721064804503,8.544217316438376,8.60287368230885,6889000.0,,,,,
2025-05-06,8.583321571350098,8.671305657298472,8.47578598425283,8.622425505959226,8479200.0,,,,,
2025-05-07,8.485562324523926,8.720185935594573,8.456233673906578,8.64197806523769,6479800.0,,,,,
2025-05-08,8.641977310180664,8.73973667342977,8.553993230638577,8.612649594437059,9873400.0,,,,,
2025-05-09,8.612649917602539,8.690857784060864,8.553993551603142,8.690857784060864,6621000.0,,,,,
2025-05-12,8.993913650512695,9.130777892359626,8.935258212800706,8.954809714600911,10122000.0,,,,,
2025-05-13,8.993913650512695,9.091673956447842,8.945033497545122,8.993913650512695,8539800.0,,,,,
2025-05-14,8.964585304260254,9.052569386981949,8.935257587456793,8.993913021063715,8703100.0,,,,,
2025-05-15,8.954809188842773,9.023240839592768,8.896153754574584,8.974361621806382,6408400.0,,,,,
2025-05-16,8.954809188842773,8.993913122458673,8.886377538092779,8.984136905976868,8668200.0,,,,,
2025-05-19,8.847273826599121,8.92548169579443,8.798393675274218,8.837497609871873,7460000.0,,,,,
2025-05-20,8.83749771118164,8.905929364434174,8.798393776135713,8.886377863066887,8297500.0,,,,,
2025-05-21,8.43668270111084,8.759290419625238,8.43668270111084,8.729962699481586,12478200.0,,,,,
2025-05-22,8.49533748626709,8.602874005686653,8.32914646339487,8.378025682427754,11775000.0,,,,,
2025-05-23,8.50511360168457,8.534441319217214,8.2998177143334,8.309593930948058,8485100.0,,,,,
2025-05-27,8.720186233520508,8.729962450726962,8.495337899328991,8.641978360491647,7665100.0,,,,,
2025-05-28,8.553994178771973,8.720186140258738,8.544217961670073,8.71040992315684,8264600.0,,,,,
2025-05-29,8.641977310180664,8.641977310180664,8.51488929887668,8.612649594437059,7791200.0,,,,,
2025-05-30,8.583321571350098,8.661529440568355,8.485562200982947,8.622425505959226,12346800.0,,,,,
2025-06-02,8.446457862854004,8.573545877340022,8.338921348582828,8.544217228550812,9841100.0,,,,,
2025-06-03,8.563770294189453,8.65175438243908,8.378025900704381,8.407354551661834,10001100.0,,,,,
2025-06-04,8.485562324523926,8.583321696314352,8.426905955600587,8.563770194880808,8792600.0,,,,,
2025-06-05,8.456233024597168,8.534440888948883,8.368249876434954,8.485561672962524,7834600.0,,,,,
2025-06-06,8.70063304901123,8.710409265374862,8.573545965529265,8.622425182724802,9552600.0,,,,,
2025-06-09,8.739737510681152,8.85705024951647,8.72996222603768,8.739737510681152,5846100.0,,,,,
2025-06-10,8.886377334594727,8.935257483573075,8.700632954939264,8.788617036638032,10796800.0,,,,,
2025-06-11,8.749513626098633,9.003689670106523,8.739737409257248,8.945033301369566,9702700.0,,,,,
2025-06-12,8.720186233520508,8.739737735622029,8.61265064118367,8.710410016314054,10744300.0,,,,,
2025-06-13,8.443039894104004,8.70038952759114,8.423244276732992,8.6212051702031,12035100.0,,,,,
2025-06-16,8.542020797729492,8.631103435621716,8.482632057817344,8.532122517085469,8279900.0,,,,,
2025-06-17,8.334161758422852,8.542020935540839,8.314365196815418,8.46283657701513,8438000.0,,,,,
2025-06-18,8.48263168334961,8.561816037102197,8.274772518761077,8.314364695637371,9449000.0,,,,,
2025-06-20,8.581612586975098,8.611306483607855,8.502428233319776,8.561816026585289,13510900.0,,,,,
2025-06-23,8.759778022766113,8.779573639583823,8.45293793849985,8.561816190877183,12948100.0,,,,,
2025-06-24,8.82906436920166,9.007229645802555,8.809267807822893,8.868656548007191,12613700.0,,,,,
2025-06-25,8.69049072265625,8.82906381170159,8.680593386543823,8.819165531637221,8248000.0,,,,,
2025-06-26,8.878554344177246,8.898349960523728,8.680593460952682,8.730082973794861,6535800.0,,,,,
2025-06-27,8.868656158447266,8.957738792834716,8.809267420871645,8.908248335513692,13883800.0,,,,,
2025-06-30,8.83896255493164,8.947840809489144,8.819165993765553,8.928045192275048,7911400.0,,,,,
2025-07-01,9.096311569213867,9.274476850301312,8.730083670052363,8.789472411732186,20932600.0,,,,,
2025-07-02,9.24478244781494,9.284374625460645,9.086413737232135,9.096311073679582,14612300.0,,,,,
2025-07-03,9.561519622802734,9.601111799429066,9.48233526955007,9.551621342658164,11934100.0,,,,,
2025-07-07,9.43284511566162,9.620908668639258,9.3536607598664,9.48233557402163,12565000.0,,,,,
2025-07-08,9.54172420501709,9.640704176666596,9.452641569766156,9.48233546686581,9939200.0,,,,,
2025-07-09,9.521927833557127,9.630806087721052,9.45264175763027,9.611010470578512,6201600.0,,,,,
2025-07-10,9.492234230041504,9.630806386189718,9.472437668333464,9.531826409505568,6136500.0,,,,,
2025-07-11,9.413049697875977,9.50213233601865,9.35366095779686,9.403151417204125,5909400.0,,,,,
2025-07-14,9.502132415771484,9.521928033329338,9.353661036303553,9.383354934616332,6946400.0,,,,,
2025-07-15,9.126006126403809,9.512029631408796,9.116107845774964,9.462540116168563,7057800.0,,,,,
2025-07-16,9.155699729919434,9.22498580418933,8.977534460137454,9.205190187520202,8691900.0,,,,,
2025-07-17,9.363558769226074,9.383354385625749,9.11610742854246,9.126005708718273,9549600.0,,,,,
2025-07-18,9.413049697875977,9.452641876611388,9.294273161669745,9.413049697875977,6547800.0,,,,,
2025-07-21,9.43284511566162,9.601112107714462,9.413049498688803,9.44274339612402,6303900.0,,,,,
2025-07-22,9.54172420501709,9.6011119992164,9.413049392315958,9.472437186515268,7640200.0,,,,,
2025-07-23,9.601112365722656,9.630806263955826,9.462540211333195,9.601112365722656,8153100.0,,,,,
2025-07-24,9.43284511566162,9.620908668639258,9.314068581968789,9.591213827252064,15368900.0,,,,,
2025-07-25,9.33386516571045,9.512029494709235,9.224985968261876,9.47243731671484,6059400.0,,,,,
2025-07-28,9.422947883605955,9.432845220226088,9.30417040464448,9.36355914412522,6207300.0,,,,,
2025-07-29,9.383355140686035,9.492234343477373,9.304170780811624,9.44274388256786,5851500.0,,,,,
2025-07-30,9.294273376464844,9.531826454367277,9.244782915913833,9.41304991541606,9830000.0,,,,,
2025-07-31,9.175496101379396,9.304169966955913,9.155699541166424,9.234883894114413,6180100.0,,,,,
2025-08-01,9.086414337158203,9.145802135571818,8.858758592700582,9.086414337158203,9328400.0,,,,,
2025-08-04,9.254680633544922,9.27447625018929,9.116107541226494,9.145801438169029,7579500.0,,,,,
2025-08-05,9.205190658569336,9.294273298018874,9.02702537967026,9.274476736384749,9178000.0,,,,,
2025-08-06,9.116107940673828,9.264578375844096,9.106209659941944,9.215088860088676,4564300.0,,,,,
2025-08-07,9.096311569213867,9.244782951437411,8.987433310744887,9.244782951437411,6534000.0,,,,,
2025-08-08,9.304170608520508,9.304170608520508,9.06661753329619,9.20519063248638,7997600.0,,,,,
2025-08-11,9.22498607635498,9.353660892332496,9.165598280643508,9.32396699447676,5036900.0,,,,,
2025-08-12,9.650602340698242,9.650602340698242,9.264577907247608,9.33386492491431,9306900.0,,,,,
2025-08-13,9.898054122924805,9.957442863001232,9.64070448918028,9.700093229256709,13139100.0,,,,,
2025-08-14,9.957442283630373,9.97723789986938,9.70009266485966,9.769378737624102,9596200.0,,,,,
2025-08-15,9.719888687133787,9.987136597163897,9.700093070067846,9.977238316654931,8364800.0,,,,,
2025-08-18,9.709991455078123,9.749583633588095,9.620908817442691,9.719888791741624,6776200.0,,,,,
2025-08-19,9.660500526428224,9.83866484908786,9.620908349842532,9.690194422879504,6324200.0,,,,,
2025-08-20,9.650602340698242,9.729786694644226,9.561519706521022,9.670398901160716,6573700.0,,,,,
2025-08-21,9.581316947937012,9.680296925428117,9.55162210513286,9.55162210513286,5181000.0,,,,,
2025-08-22,10.204894065856934,10.234587963482053,9.620908730168392,9.620908730168392,12601400.0,,,,,
2025-08-25,10.155404090881348,10.24448673195168,10.135607528887038,10.135607528887038,7280100.0,,,,,
2025-08-26,10.303874015808104,10.363262754875166,10.12570874255891,10.175199201122796,6725600.0,,,,,
2025-08-27,10.383058547973633,10.48203946677962,10.274180292448648,10.274180292448648,7808500.0,,,,,
2025-08-28,10.343465805053713,10.452344998591844,10.293975348350193,10.452344998591844,5853400.0,,,,,
2025-08-29,10.353364944458008,10.452345866079929,10.333568382552814,10.363263225410606,6584600.0,,,,,
2025-09-02,10.303874015808104,10.31377229631128,9.987136591322413,10.175199201122796,8497900.0,,,,,
2025-09-03,10.402854919433594,10.422650536462264,10.254383543934644,10.274180104915295,7607900.0,,,,,
2025-09-04,10.541427612304688,10.551325893303773,10.402855454125634,10.432549353170856,6898100.0,,,,,
2025-09-05,10.620611190795898,10.719592105598425,10.482039042814716,10.610713854477217,10186600.0,,,,,
2025-09-08,10.640408515930176,10.699797257869609,10.422651054088291,10.650306796912083,6572200.0,,,,,
2025-09-09,10.610713958740234,10.897757481745751,10.600815678372326,10.739388771667118,12279600.0,,,,,
2025-09-10,10.600815773010254,10.69979668966903,10.551325314680865,10.59091749255398,5565900.0,,,,,
2025-09-11,10.6701021194458,10.74928647720424,10.561223863515949,10.640408221274386,5893800.0,,,,,
2025-09-12,10.68000030517578,10.8284707386645,10.600815948121532,10.670102024556002,9524300.0,,,,,
2025-09-15,10.649999618530272,10.829999923706056,10.56999969482422,10.789999961853027,6845800.0,,,,,
2025-09-16,10.579999923706056,10.710000038146973,10.460000038146973,10.65999984741211,6930200.0,,,,,
2025-09-17,10.720000267028809,11.039999961853027,10.600000381469728,10.619999885559082,11953900.0,,,,,
2025-09-18,11.100000381469728,11.119999885559082,10.739999771118164,10.770000457763672,10375100.0,,,,,
2025-09-19,10.949999809265137,11.09000015258789,10.899999618530272,11.0600004196167,18012600.0,,,,,
2025-09-22,10.729999542236328,10.90999984741211,10.65999984741211,10.899999618530272,8308400.0,,,,,
2025-09-23,10.8100004196167,10.989999771118164,10.710000038146973,10.770000457763672,7900300.0,,,,,
2025-09-24,10.760000228881836,11.140000343322754,10.720000267028809,11.010000228881836,11002500.0,,,,,
2025-09-25,10.649999618530272,10.729999542236328,10.5600004196167,10.710000038146973,9314100.0,,,,,
2025-09-26,10.68000030517578,10.800000190734863,10.600000381469728,10.699999809265137,8349800.0,,,,,
2025-09-29,10.59000015258789,10.829999923706056,10.460000038146973,10.789999961853027,8645300.0,,,,,
2025-09-30,10.600000381469728,10.699999809265137,10.390000343322754,10.600000381469728,8718000.0,,,,,
2025-10-01,10.579999923706056,10.65999984741211,10.449999809265137,10.619999885559082,9372700.0,,,,,
2025-10-02,10.56999969482422,10.609999656677246,10.460000038146973,10.539999961853027,9482400.0,,,,,
2025-10-03,10.640000343322754,10.770000457763672,10.59000015258789,10.59000015258789,10307000.0,,,,,
2025-10-06,10.90999984741211,11.170000076293944,10.670000076293944,10.710000038146973,15298600.0,,,,,
2025-10-07,10.829999923706056,11.100000381469728,10.770000457763672,10.920000076293944,12651300.0,,,,,
2025-10-08,10.84000015258789,10.970000267028809,10.770000457763672,10.93000030517578,7169700.0,,,,,
2025-10-09,10.890000343322754,10.949999809265137,10.760000228881836,10.850000381469728,7916000.0,,,,,
2025-10-10,10.3100004196167,11.010000228881836,10.300000190734863,10.979999542236328,12335300.0,,,,,
2025-10-13,10.550000190734863,10.600000381469728,10.460000038146973,10.600000381469728,14822300.0,,,,,
2025-10-14,10.789999961853027,10.899999618530272,10.399999618530272,10.470000267028809,20980000.0,,,,,
2025-10-15,10.479999542236328,10.869999885559082,10.34000015258789,10.8100004196167,22509100.0,,,,,
2025-10-16,9.720000267028809,10.40999984741211,9.640000343322754,10.399999618530272,24719500.0,,,,,
2025-10-17,9.800000190734863,9.920000076293944,9.720000267028809,9.890000343322754,16647500.0,,,,,
2025-10-20,,,,,,10.125688552856445,10.145503498485528,9.709564301035382,9.759103082418587,15761600.0
2025-10-21,,,,,,10.165319442749023,10.264396061165751,10.066241879458627,10.086057770066173,10050700.0
2025-10-22,,,,,,10.036519050598145,10.185134451580756,9.887902704741856,10.165319505724124,16369700.0
2025-10-23,,,,,,10.46255111694336,10.690428188146022,9.620394669295115,9.679841395841793,37529500.0
2025-10-24,,,,,,10.878674507141113,11.175906252418592,10.640889488868599,10.700336215873563,16345200.0
2025-10-27,,,,,,11.007474899291992,11.076829571217539,10.888582390828624,11.007474899291992,11351400.0
2025-10-28,,,,,,11.086736679077148,11.096644624430228,10.799412877953575,11.017382951352943,8575000.0
2025-10-29,,,,,,10.858859062194824,11.245260407779618,10.829136172495572,11.027290345279969,11166500.0
2025-10-30,,,,,,10.74987506866455,10.967844197752491,10.710244232023681,10.839043742451247,8897000.0
2025-10-31,,,,,,10.769689559936523,10.809320394904491,10.571535385096691,10.69042789000059,11158600.0
2025-11-03,,,,,,10.839043617248535,10.839043617248535,10.571535709231096,10.710244108308743,17932500.0
2025-11-04,,,,,,10.640889167785645,10.769689618348526,10.571535442433955,10.73996672817975,13388200.0
2025-11-05,,,,,,10.829136848449707,10.977752251096163,10.64088966389893,10.64088966389893,10327700.0
2025-11-06,,,,,,10.700335502624512,10.908397615962647,10.611165890497652,10.799412114530437,7116300.0
2025-11-07,,,,,,10.948028564453125,10.957936509209652,10.571535167567676,10.591350112207111,7644600.0
2025-11-10,,,,,,10.918306350708008,11.086736697623742,10.918306350708008,10.997568023917886,6615500.0
2025-11-11,,,,,,11.007474899291992,11.037198735063082,10.829136609033773,10.898490336085654,5999000.0
2025-11-12,,,,,,10.977751731872559,11.205629742675839,10.92821295170892,10.997567621887471,10252900.0
2025-11-13,,,,,,10.670613288879395,11.007474924527724,10.630981507760414,10.868767470105961,7583100.0
2025-11-14,,,,,,10.710244178771973,10.749875015215796,10.531904942337933,10.58144372411113,5365300.0
2025-11-17,,,,,,10.33375072479248,10.739967033171418,10.323842779496978,10.710244142158578,6549000.0
2025-11-18,,,,,,10.363472938537598,10.541812162707254,10.24458043738236,10.274303326452769,7301600.0
2025-11-19,,,,,,10.422920227050781,10.482366008416845,10.244580993205274,10.373381445996623,10466100.0
2025-11-20,,,,,,10.383288383483887,10.72015095876557,10.34365754785508,10.55171967112473,7230000.0
2025-11-21,,,,,,10.670613288879395,10.957937087876333,10.393196490288533,10.403104435568277,18841900.0
2025-11-24,,,,,,11.017382621765137,11.066921402174893,10.601258378121019,10.710243883997212,9181100.0
2025-11-25,,,,,,11.215537071228027,11.344337525475622,11.037198780239846,11.037198780239846,8209100.0
2025-11-26,,,,,,11.245260238647461,11.403783574490738,11.156090626017214,11.185813515269425,6758800.0
2025-11-28,,,,,,11.215537071228027,11.314614634456538,11.175906234911357,11.255167907544697,3549800.0
2025-12-01,,,,,,11.37406063079834,11.542491924536092,11.106552716839,11.126367662933843,6245900.0
2025-12-02,,,,,,11.334429740905762,11.443415250977324,11.304706849465191,11.383968523222501,5045100.0
2025-12-03,,,,,,11.383968353271484,11.492953861716005,11.31461462598764,11.354245462274648,5834500.0
2025-12-04,,,,,,11.413691520690918,11.483045243913011,11.334428907885307,11.334428907885307,4475700.0
2025-12-05,,,,,,11.443414688110352,11.492953467990429,11.3443371283502,11.3443371283502,4472700.0
2025-12-08,,,,,,11.48304557800293,11.572215193239147,11.393875962766712,11.433506797885737,5965400.0
2025-12-09,,,,,,11.35424518585205,11.572215252560875,11.334429295754138,11.45332274659433,5928200.0
2025-12-10,,,,,,11.720830917358398,11.839723426049112,11.354245446010284,11.354245446010284,9828600.0
2025-12-11,,,,,,11.740646362304688,11.928892591035185,11.681199637778745,11.701015527578603,7993900.0
2025-12-12,,,,,,11.8100004196167,11.859539200638524,11.691107912088517,11.780277528953068,5381600.0
2025-12-15,,,,,,11.90999984741211,12.09000015258789,11.859999656677246,12.0,8287300.0
2025-12-16,,,,,,11.90999984741211,11.989999771118164,11.829999923706055,11.930000305175781,8511100.0
2025-12-17,,,,,,11.899999618530273,12.170000076293945,11.770000457763672,11.949999809265137,8416100.0
2025-12-18,,,,,,11.979999542236328,12.180000305175781,11.970000267028809,12.020000457763672,6498600.0
2025-12-19,,,,,,12.020000457763672,12.119999885559082,11.930000305175781,11.989999771118164,12024400.0
2025-12-22,,,,,,12.079999923706055,12.149999618530273,12.010000228881836,12.050000190734863,4195400.0
2025-12-23,,,,,,11.96500015258789,12.09000015258789,11.944999694824219,12.09000015258789,374146.0
